5,,KAB. PACITAN,fasilitas_pelayanan_kesehatan_tingkat_pertama_puskesmas_rawat_jalan_l,229708.0
5,,KAB. PACITAN,fasilitas_pelayanan_kesehatan_tingkat_pertama_puskesmas_rawat_jalan_p,423373.0
5,,KAB. PACITAN,fasilitas_pelayanan_kesehatan_tingkat_pertama_puskesmas_rawat_jalan_l_+_p,653081.0
5,,KAB. PACITAN,fasilitas_pelayanan_kesehatan_tingkat_pertama_puskesmas_rawat_inap_l,7085.0
5,,KAB. PACITAN,fasilitas_pelayanan_kesehatan_tingkat_pertama_puskesmas_rawat_inap_p,9271.0
5,,KAB. PACITAN,fasilitas_pelayanan_kesehatan_tingkat_pertama_puskesmas_rawat_inap_l_+_p,16356.0
5,,KAB. PACITAN,fasilitas_pelayanan_kesehatan_tingkat_pertama_puskesmas_gangguan_jiwa_l,502.0
5,,KAB. PACITAN,fasilitas_pelayanan_kesehatan_tingkat_pertama_puskesmas_gangguan_jiwa_p,471.0
5,,KAB. PACITAN,fasilitas_pelayanan_kesehatan_tingkat_pertama_puskesmas_gangguan_jiwa_l_+_p,973.0
5,,KAB. PONOROGO,fasilitas_pelayanan_kesehatan_tingkat_pertama_puskesmas_rawat_jalan_l,663932.0
5,,KAB. PONOROGO,fasilitas_pelayanan_kesehatan_tingkat_pertama_puskesmas_rawat_jalan_p,990612.0
5,,KAB. PONOROGO,fasilitas_pelayanan_kesehatan_tingkat_pertama_puskesmas_rawat_jalan_l_+_p,1654544.0
5,,KAB. PONOROGO,fasilitas_pelayanan_kesehatan_tingkat_pertama_puskesmas_rawat_inap_l,3333.0
5,,KAB. PONOROGO,fasilitas_pelayanan_kesehatan_tingkat_pertama_puskesmas_rawat_inap_p,4476.0
5,,KAB. PONOROGO,fasilitas_pelayanan_kesehatan_tingkat_pertama_puskesmas_rawat_inap_l_+_p,7809.0
5,,KAB. PONOROGO,fasilitas_pelayanan_kesehatan_tingkat_pertama_puskesmas_gangguan_jiwa_l,1792.0
5,,KAB. PONOROGO,fasilitas_pelayanan_kesehatan_tingkat_pertama_puskesmas_gangguan_jiwa_p,1555.0
5,,KAB. PONOROGO,fasilitas_pelayanan_kesehatan_tingkat_pertama_puskesmas_gangguan_jiwa_l_+_p,3347.0
5,,KAB. TRENGGALEK,fasilitas_pelayanan_kesehatan_tingkat_pertama_puskesmas_rawat_jalan_l,84070.0
5,,KAB. TRENGGALEK,fasilitas_pelayanan_kesehatan_tingkat_pertama_puskesmas_rawat_jalan_p,140553.0
5,,KAB. TRENGGALEK,fasilitas_pelayanan_kesehatan_tingkat_pertama_puskesmas_rawat_jalan_l_+_p,224623.0
5,,KAB. TRENGGALEK,fasilitas_pelayanan_kesehatan_tingkat_pertama_puskesmas_rawat_inap_l,1395.0
5,,KAB. TRENGGALEK,fasilitas_pelayanan_kesehatan_tingkat_pertama_puskesmas_rawat_inap_p,1871.0
5,,KAB. TRENGGALEK,fasilitas_pelayanan_kesehatan_tingkat_pertama_puskesmas_rawat_inap_l_+_p,3266.0
5,,KAB. TRENGGALEK,fasilitas_pelayanan_kesehatan_tingkat_pertama_puskesmas_gangguan_jiwa_l,894.0
5,,KAB. TRENGGALEK,fasilitas_pelayanan_kesehatan_tingkat_pertama_puskesmas_gangguan_jiwa_p,670.0
5,,KAB. TRENGGALEK,fasilitas_pelayanan_kesehatan_tingkat_pertama_puskesmas_gangguan_jiwa_l_+_p,1564.0
5,,KAB. TULUNGAGUNG,fasilitas_pelayanan_kesehatan_tingkat_pertama_puskesmas_rawat_jalan_l,488671.0
5,,KAB. TULUNGAGUNG,fasilitas_pelayanan_kesehatan_tingkat_pertama_puskesmas_rawat_jalan_p,661910.0
5,,KAB. TULUNGAGUNG,fasilitas_pelayanan_kesehatan_tingkat_pertama_puskesmas_rawat_jalan_l_+_p,1150581.0
5,,KAB. TULUNGAGUNG,fasilitas_pelayanan_kesehatan_tingkat_pertama_puskesmas_rawat_inap_l,3331.0
5,,KAB. TULUNGAGUNG,fasilitas_pelayanan_kesehatan_tingkat_pertama_puskesmas_rawat_inap_p,4668.0
5,,KAB. TULUNGAGUNG,fasilitas_pelayanan_kesehatan_tingkat_pertama_puskesmas_rawat_inap_l_+_p,7999.0
5,,KAB. TULUNGAGUNG,fasilitas_pelayanan_kesehatan_tingkat_pertama_puskesmas_gangguan_jiwa_l,4333.0
5,,KAB. TULUNGAGUNG,fasilitas_pelayanan_kesehatan_tingkat_pertama_puskesmas_gangguan_jiwa_p,3085.0
5,,KAB. TULUNGAGUNG,fasilitas_pelayanan_kesehatan_tingkat_pertama_puskesmas_gangguan_jiwa_l_+_p,7418.0
5,,KAB. BLITAR,fasilitas_pelayanan_kesehatan_tingkat_pertama_puskesmas_rawat_jalan_l,278147.0
5,,KAB. BLITAR,fasilitas_pelayanan_kesehatan_tingkat_pertama_puskesmas_rawat_jalan_p,431851.0
5,,KAB. BLITAR,fasilitas_pelayanan_kesehatan_tingkat_pertama_puskesmas_rawat_jalan_l_+_p,709998.0
5,,KAB. BLITAR,fasilitas_pelayanan_kesehatan_tingkat_pertama_puskesmas_rawat_inap_l,1697.0
5,,KAB. BLITAR,fasilitas_pelayanan_kesehatan_tingkat_pertama_puskesmas_rawat_inap_p,3229.0
5,,KAB. BLITAR,fasilitas_pelayanan_kesehatan_tingkat_pertama_puskesmas_rawat_inap_l_+_p,4926.0
5,,KAB. BLITAR,fasilitas_pelayanan_kesehatan_tingkat_pertama_puskesmas_gangguan_jiwa_l,12163.0
5,,KAB. BLITAR,fasilitas_pelayanan_kesehatan_tingkat_pertama_puskesmas_gangguan_jiwa_p,10515.0
5,,KAB. BLITAR,fasilitas_pelayanan_kesehatan_tingkat_pertama_puskesmas_gangguan_jiwa_l_+_p,22678.0
5,,KAB. KEDIRI,fasilitas_pelayanan_kesehatan_tingkat_pertama_puskesmas_rawat_jalan_l,454677.0
5,,KAB. KEDIRI,fasilitas_pelayanan_kesehatan_tingkat_pertama_puskesmas_rawat_jalan_p,775683.0
5,,KAB. KEDIRI,fasilitas_pelayanan_kesehatan_tingkat_pertama_puskesmas_rawat_jalan_l_+_p,1226045.0
5,,KAB. KEDIRI,fasilitas_pelayanan_kesehatan_tingkat_pertama_puskesmas_rawat_inap_l,1315.0
5,,KAB. KEDIRI,fasilitas_pelayanan_kesehatan_tingkat_pertama_puskesmas_rawat_inap_p,2100.0
5,,KAB. KEDIRI,fasilitas_pelayanan_kesehatan_tingkat_pertama_puskesmas_rawat_inap_l_+_p,3415.0
5,,KAB. KEDIRI,fasilitas_pelayanan_kesehatan_tingkat_pertama_puskesmas_gangguan_jiwa_l,13958.0
5,,KAB. KEDIRI,fasilitas_pelayanan_kesehatan_tingkat_pertama_puskesmas_gangguan_jiwa_p,9847.0
5,,KAB. KEDIRI,fasilitas_pelayanan_kesehatan_tingkat_pertama_puskesmas_gangguan_jiwa_l_+_p,23805.0
5,,KAB. MALANG,fasilitas_pelayanan_kesehatan_tingkat_pertama_puskesmas_rawat_jalan_l,418544.0
5,,KAB. MALANG,fasilitas_pelayanan_kesehatan_tingkat_pertama_puskesmas_rawat_jalan_p,602226.0
5,,KAB. MALANG,fasilitas_pelayanan_kesehatan_tingkat_pertama_puskesmas_rawat_jalan_l_+_p,1020770.0
5,,KAB. MALANG,fasilitas_pelayanan_kesehatan_tingkat_pertama_puskesmas_rawat_inap_l,10635.0
5,,KAB. MALANG,fasilitas_pelayanan_kesehatan_tingkat_pertama_puskesmas_rawat_inap_p,15793.0
5,,KAB. MALANG,fasilitas_pelayanan_kesehatan_tingkat_pertama_puskesmas_rawat_inap_l_+_p,26428.0
5,,KAB. MALANG,fasilitas_pelayanan_kesehatan_tingkat_pertama_puskesmas_gangguan_jiwa_l,5818.0
5,,KAB. MALANG,fasilitas_pelayanan_kesehatan_tingkat_pertama_puskesmas_gangguan_jiwa_p,3342.0
5,,KAB. MALANG,fasilitas_pelayanan_kesehatan_tingkat_pertama_puskesmas_gangguan_jiwa_l_+_p,9160.0
5,,KAB. LUMAJANG,fasilitas_pelayanan_kesehatan_tingkat_pertama_puskesmas_rawat_jalan_l,209581.0
5,,KAB. LUMAJANG,fasilitas_pelayanan_kesehatan_tingkat_pertama_puskesmas_rawat_jalan_p,342095.0
5,,KAB. LUMAJANG,fasilitas_pelayanan_kesehatan_tingkat_pertama_puskesmas_rawat_jalan_l_+_p,551676.0
5,,KAB. LUMAJANG,fasilitas_pelayanan_kesehatan_tingkat_pertama_puskesmas_rawat_inap_l,9959.0
5,,KAB. LUMAJANG,fasilitas_pelayanan_kesehatan_tingkat_pertama_puskesmas_rawat_inap_p,14174.0
5,,KAB. LUMAJANG,fasilitas_pelayanan_kesehatan_tingkat_pertama_puskesmas_rawat_inap_l_+_p,24133.0
5,,KAB. LUMAJANG,fasilitas_pelayanan_kesehatan_tingkat_pertama_puskesmas_gangguan_jiwa_l,3896.0
5,,KAB. LUMAJANG,fasilitas_pelayanan_kesehatan_tingkat_pertama_puskesmas_gangguan_jiwa_p,2591.0
5,,KAB. LUMAJANG,fasilitas_pelayanan_kesehatan_tingkat_pertama_puskesmas_gangguan_jiwa_l_+_p,6487.0
5,,KAB. JEMBER,fasilitas_pelayanan_kesehatan_tingkat_pertama_puskesmas_rawat_jalan_l,462623.0
5,,KAB. JEMBER,fasilitas_pelayanan_kesehatan_tingkat_pertama_puskesmas_rawat_jalan_p,769875.0
5,,KAB. JEMBER,fasilitas_pelayanan_kesehatan_tingkat_pertama_puskesmas_rawat_jalan_l_+_p,1232498.0
5,,KAB. JEMBER,fasilitas_pelayanan_kesehatan_tingkat_pertama_puskesmas_rawat_inap_l,15426.0
5,,KAB. JEMBER,fasilitas_pelayanan_kesehatan_tingkat_pertama_puskesmas_rawat_inap_p,26790.0
5,,KAB. JEMBER,fasilitas_pelayanan_kesehatan_tingkat_pertama_puskesmas_rawat_inap_l_+_p,42216.0
5,,KAB. JEMBER,fasilitas_pelayanan_kesehatan_tingkat_pertama_puskesmas_gangguan_jiwa_l,2403.0
5,,KAB. JEMBER,fasilitas_pelayanan_kesehatan_tingkat_pertama_puskesmas_gangguan_jiwa_p,1620.0
5,,KAB. JEMBER,fasilitas_pelayanan_kesehatan_tingkat_pertama_puskesmas_gangguan_jiwa_l_+_p,4023.0
5,,KAB. BANYUWANGI,fasilitas_pelayanan_kesehatan_tingkat_pertama_puskesmas_rawat_jalan_l,293935.0
5,,KAB. BANYUWANGI,fasilitas_pelayanan_kesehatan_tingkat_pertama_puskesmas_rawat_jalan_p,399215.0
5,,KAB. BANYUWANGI,fasilitas_pelayanan_kesehatan_tingkat_pertama_puskesmas_rawat_jalan_l_+_p,693150.0
5,,KAB. BANYUWANGI,fasilitas_pelayanan_kesehatan_tingkat_pertama_puskesmas_rawat_inap_l,4633.0
5,,KAB. BANYUWANGI,fasilitas_pelayanan_kesehatan_tingkat_pertama_puskesmas_rawat_inap_p,6243.0
5,,KAB. BANYUWANGI,fasilitas_pelayanan_kesehatan_tingkat_pertama_puskesmas_rawat_inap_l_+_p,10876.0
5,,KAB. BANYUWANGI,fasilitas_pelayanan_kesehatan_tingkat_pertama_puskesmas_gangguan_jiwa_l,1804.0
5,,KAB. BANYUWANGI,fasilitas_pelayanan_kesehatan_tingkat_pertama_puskesmas_gangguan_jiwa_p,1110.0
5,,KAB. BANYUWANGI,fasilitas_pelayanan_kesehatan_tingkat_pertama_puskesmas_gangguan_jiwa_l_+_p,2914.0
5,,KAB. BONDOWOSO,fasilitas_pelayanan_kesehatan_tingkat_pertama_puskesmas_rawat_jalan_l,333408.0
5,,KAB. BONDOWOSO,fasilitas_pelayanan_kesehatan_tingkat_pertama_puskesmas_rawat_jalan_p,536162.0
5,,KAB. BONDOWOSO,fasilitas_pelayanan_kesehatan_tingkat_pertama_puskesmas_rawat_jalan_l_+_p,869570.0
5,,KAB. BONDOWOSO,fasilitas_pelayanan_kesehatan_tingkat_pertama_puskesmas_rawat_inap_l,6316.0
5,,KAB. BONDOWOSO,fasilitas_pelayanan_kesehatan_tingkat_pertama_puskesmas_rawat_inap_p,8281.0
5,,KAB. BONDOWOSO,fasilitas_pelayanan_kesehatan_tingkat_pertama_puskesmas_rawat_inap_l_+_p,14597.0
5,,KAB. BONDOWOSO,fasilitas_pelayanan_kesehatan_tingkat_pertama_puskesmas_gangguan_jiwa_l,1248.0
5,,KAB. BONDOWOSO,fasilitas_pelayanan_kesehatan_tingkat_pertama_puskesmas_gangguan_jiwa_p,1122.0
5,,KAB. BONDOWOSO,fasilitas_pelayanan_kesehatan_tingkat_pertama_puskesmas_gangguan_jiwa_l_+_p,2370.0
5,,KAB. SITUBONDO,fasilitas_pelayanan_kesehatan_tingkat_pertama_puskesmas_rawat_jalan_l,87807.0
5,,KAB. SITUBONDO,fasilitas_pelayanan_kesehatan_tingkat_pertama_puskesmas_rawat_jalan_p,117236.0
5,,KAB. SITUBONDO,fasilitas_pelayanan_kesehatan_tingkat_pertama_puskesmas_rawat_jalan_l_+_p,205043.0
5,,KAB. SITUBONDO,fasilitas_pelayanan_kesehatan_tingkat_pertama_puskesmas_rawat_inap_l,10639.0
5,,KAB. SITUBONDO,fasilitas_pelayanan_kesehatan_tingkat_pertama_puskesmas_rawat_inap_p,0.0
5,,KAB. SITUBONDO,fasilitas_pelayanan_kesehatan_tingkat_pertama_puskesmas_rawat_inap_l_+_p,10639.0
5,,KAB. SITUBONDO,fasilitas_pelayanan_kesehatan_tingkat_pertama_puskesmas_gangguan_jiwa_l,1430.0
5,,KAB. SITUBONDO,fasilitas_pelayanan_kesehatan_tingkat_pertama_puskesmas_gangguan_jiwa_p,1243.0
5,,KAB. SITUBONDO,fasilitas_pelayanan_kesehatan_tingkat_pertama_puskesmas_gangguan_jiwa_l_+_p,2673.0
5,,KAB. PROBOLINGGO,fasilitas_pelayanan_kesehatan_tingkat_pertama_puskesmas_rawat_jalan_l,63233.0
5,,KAB. PROBOLINGGO,fasilitas_pelayanan_kesehatan_tingkat_pertama_puskesmas_rawat_jalan_p,75338.0
5,,KAB. PROBOLINGGO,fasilitas_pelayanan_kesehatan_tingkat_pertama_puskesmas_rawat_jalan_l_+_p,138571.0
5,,KAB. PROBOLINGGO,fasilitas_pelayanan_kesehatan_tingkat_pertama_puskesmas_rawat_inap_l,9300.0
5,,KAB. PROBOLINGGO,fasilitas_pelayanan_kesehatan_tingkat_pertama_puskesmas_rawat_inap_p,13224.0
5,,KAB. PROBOLINGGO,fasilitas_pelayanan_kesehatan_tingkat_pertama_puskesmas_rawat_inap_l_+_p,22524.0
5,,KAB. PROBOLINGGO,fasilitas_pelayanan_kesehatan_tingkat_pertama_puskesmas_gangguan_jiwa_l,1186.0
5,,KAB. PROBOLINGGO,fasilitas_pelayanan_kesehatan_tingkat_pertama_puskesmas_gangguan_jiwa_p,634.0
5,,KAB. PROBOLINGGO,fasilitas_pelayanan_kesehatan_tingkat_pertama_puskesmas_gangguan_jiwa_l_+_p,1820.0
5,,KAB. PASURUAN,fasilitas_pelayanan_kesehatan_tingkat_pertama_puskesmas_rawat_jalan_l,321563.0
5,,KAB. PASURUAN,fasilitas_pelayanan_kesehatan_tingkat_pertama_puskesmas_rawat_jalan_p,447817.0
5,,KAB. PASURUAN,fasilitas_pelayanan_kesehatan_tingkat_pertama_puskesmas_rawat_jalan_l_+_p,769380.0
5,,KAB. PASURUAN,fasilitas_pelayanan_kesehatan_tingkat_pertama_puskesmas_rawat_inap_l,4918.0
5,,KAB. PASURUAN,fasilitas_pelayanan_kesehatan_tingkat_pertama_puskesmas_rawat_inap_p,7103.0
5,,KAB. PASURUAN,fasilitas_pelayanan_kesehatan_tingkat_pertama_puskesmas_rawat_inap_l_+_p,12021.0
5,,KAB. PASURUAN,fasilitas_pelayanan_kesehatan_tingkat_pertama_puskesmas_gangguan_jiwa_l,2935.0
5,,KAB. PASURUAN,fasilitas_pelayanan_kesehatan_tingkat_pertama_puskesmas_gangguan_jiwa_p,1887.0
5,,KAB. PASURUAN,fasilitas_pelayanan_kesehatan_tingkat_pertama_puskesmas_gangguan_jiwa_l_+_p,4822.0
5,,KAB. SIDOARJO,fasilitas_pelayanan_kesehatan_tingkat_pertama_puskesmas_rawat_jalan_l,812407.0
5,,KAB. SIDOARJO,fasilitas_pelayanan_kesehatan_tingkat_pertama_puskesmas_rawat_jalan_p,1106551.0
5,,KAB. SIDOARJO,fasilitas_pelayanan_kesehatan_tingkat_pertama_puskesmas_rawat_jalan_l_+_p,1918958.0
5,,KAB. SIDOARJO,fasilitas_pelayanan_kesehatan_tingkat_pertama_puskesmas_rawat_inap_l,3327.0
5,,KAB. SIDOARJO,fasilitas_pelayanan_kesehatan_tingkat_pertama_puskesmas_rawat_inap_p,5171.0
5,,KAB. SIDOARJO,fasilitas_pelayanan_kesehatan_tingkat_pertama_puskesmas_rawat_inap_l_+_p,8498.0
5,,KAB. SIDOARJO,fasilitas_pelayanan_kesehatan_tingkat_pertama_puskesmas_gangguan_jiwa_l,29114.0
5,,KAB. SIDOARJO,fasilitas_pelayanan_kesehatan_tingkat_pertama_puskesmas_gangguan_jiwa_p,33056.0
5,,KAB. SIDOARJO,fasilitas_pelayanan_kesehatan_tingkat_pertama_puskesmas_gangguan_jiwa_l_+_p,62170.0
5,,KAB. MOJOKERTO,fasilitas_pelayanan_kesehatan_tingkat_pertama_puskesmas_rawat_jalan_l,399099.0
5,,KAB. MOJOKERTO,fasilitas_pelayanan_kesehatan_tingkat_pertama_puskesmas_rawat_jalan_p,625301.0
5,,KAB. MOJOKERTO,fasilitas_pelayanan_kesehatan_tingkat_pertama_puskesmas_rawat_jalan_l_+_p,1024400.0
5,,KAB. MOJOKERTO,fasilitas_pelayanan_kesehatan_tingkat_pertama_puskesmas_rawat_inap_l,2900.0
5,,KAB. MOJOKERTO,fasilitas_pelayanan_kesehatan_tingkat_pertama_puskesmas_rawat_inap_p,4121.0
5,,KAB. MOJOKERTO,fasilitas_pelayanan_kesehatan_tingkat_pertama_puskesmas_rawat_inap_l_+_p,7021.0
5,,KAB. MOJOKERTO,fasilitas_pelayanan_kesehatan_tingkat_pertama_puskesmas_gangguan_jiwa_l,2409.0
5,,KAB. MOJOKERTO,fasilitas_pelayanan_kesehatan_tingkat_pertama_puskesmas_gangguan_jiwa_p,1571.0
5,,KAB. MOJOKERTO,fasilitas_pelayanan_kesehatan_tingkat_pertama_puskesmas_gangguan_jiwa_l_+_p,3980.0
5,,KAB. JOMBANG,fasilitas_pelayanan_kesehatan_tingkat_pertama_puskesmas_rawat_jalan_l,225577.0
5,,KAB. JOMBANG,fasilitas_pelayanan_kesehatan_tingkat_pertama_puskesmas_rawat_jalan_p,356188.0
5,,KAB. JOMBANG,fasilitas_pelayanan_kesehatan_tingkat_pertama_puskesmas_rawat_jalan_l_+_p,581765.0
5,,KAB. JOMBANG,fasilitas_pelayanan_kesehatan_tingkat_pertama_puskesmas_rawat_inap_l,6777.0
5,,KAB. JOMBANG,fasilitas_pelayanan_kesehatan_tingkat_pertama_puskesmas_rawat_inap_p,9224.0
5,,KAB. JOMBANG,fasilitas_pelayanan_kesehatan_tingkat_pertama_puskesmas_rawat_inap_l_+_p,16001.0
5,,KAB. JOMBANG,fasilitas_pelayanan_kesehatan_tingkat_pertama_puskesmas_gangguan_jiwa_l,7846.0
5,,KAB. JOMBANG,fasilitas_pelayanan_kesehatan_tingkat_pertama_puskesmas_gangguan_jiwa_p,4689.0
5,,KAB. JOMBANG,fasilitas_pelayanan_kesehatan_tingkat_pertama_puskesmas_gangguan_jiwa_l_+_p,12535.0
5,,KAB. NGANJUK,fasilitas_pelayanan_kesehatan_tingkat_pertama_puskesmas_rawat_jalan_l,384185.0
5,,KAB. NGANJUK,fasilitas_pelayanan_kesehatan_tingkat_pertama_puskesmas_rawat_jalan_p,762065.0
5,,KAB. NGANJUK,fasilitas_pelayanan_kesehatan_tingkat_pertama_puskesmas_rawat_jalan_l_+_p,1146250.0
5,,KAB. NGANJUK,fasilitas_pelayanan_kesehatan_tingkat_pertama_puskesmas_rawat_inap_l,2853.0
5,,KAB. NGANJUK,fasilitas_pelayanan_kesehatan_tingkat_pertama_puskesmas_rawat_inap_p,4376.0
5,,KAB. NGANJUK,fasilitas_pelayanan_kesehatan_tingkat_pertama_puskesmas_rawat_inap_l_+_p,7229.0
5,,KAB. NGANJUK,fasilitas_pelayanan_kesehatan_tingkat_pertama_puskesmas_gangguan_jiwa_l,1878.0
5,,KAB. NGANJUK,fasilitas_pelayanan_kesehatan_tingkat_pertama_puskesmas_gangguan_jiwa_p,1219.0
5,,KAB. NGANJUK,fasilitas_pelayanan_kesehatan_tingkat_pertama_puskesmas_gangguan_jiwa_l_+_p,3097.0
5,,KAB. MADIUN,fasilitas_pelayanan_kesehatan_tingkat_pertama_puskesmas_rawat_jalan_l,392441.0
5,,KAB. MADIUN,fasilitas_pelayanan_kesehatan_tingkat_pertama_puskesmas_rawat_jalan_p,782235.0
5,,KAB. MADIUN,fasilitas_pelayanan_kesehatan_tingkat_pertama_puskesmas_rawat_jalan_l_+_p,1174676.0
5,,KAB. MADIUN,fasilitas_pelayanan_kesehatan_tingkat_pertama_puskesmas_rawat_inap_l,1705.0
5,,KAB. MADIUN,fasilitas_pelayanan_kesehatan_tingkat_pertama_puskesmas_rawat_inap_p,2639.0
5,,KAB. MADIUN,fasilitas_pelayanan_kesehatan_tingkat_pertama_puskesmas_rawat_inap_l_+_p,4344.0
5,,KAB. MADIUN,fasilitas_pelayanan_kesehatan_tingkat_pertama_puskesmas_gangguan_jiwa_l,6286.0
5,,KAB. MADIUN,fasilitas_pelayanan_kesehatan_tingkat_pertama_puskesmas_gangguan_jiwa_p,3888.0
5,,KAB. MADIUN,fasilitas_pelayanan_kesehatan_tingkat_pertama_puskesmas_gangguan_jiwa_l_+_p,10174.0
5,,KAB. MAGETAN,fasilitas_pelayanan_kesehatan_tingkat_pertama_puskesmas_rawat_jalan_l,117409.0
5,,KAB. MAGETAN,fasilitas_pelayanan_kesehatan_tingkat_pertama_puskesmas_rawat_jalan_p,171318.0
5,,KAB. MAGETAN,fasilitas_pelayanan_kesehatan_tingkat_pertama_puskesmas_rawat_jalan_l_+_p,288727.0
5,,KAB. MAGETAN,fasilitas_pelayanan_kesehatan_tingkat_pertama_puskesmas_rawat_inap_l,8210.0
5,,KAB. MAGETAN,fasilitas_pelayanan_kesehatan_tingkat_pertama_puskesmas_rawat_inap_p,8532.0
5,,KAB. MAGETAN,fasilitas_pelayanan_kesehatan_tingkat_pertama_puskesmas_rawat_inap_l_+_p,16742.0
5,,KAB. MAGETAN,fasilitas_pelayanan_kesehatan_tingkat_pertama_puskesmas_gangguan_jiwa_l,2899.0
5,,KAB. MAGETAN,fasilitas_pelayanan_kesehatan_tingkat_pertama_puskesmas_gangguan_jiwa_p,1972.0
5,,KAB. MAGETAN,fasilitas_pelayanan_kesehatan_tingkat_pertama_puskesmas_gangguan_jiwa_l_+_p,4871.0
5,,KAB. NGAWI,fasilitas_pelayanan_kesehatan_tingkat_pertama_puskesmas_rawat_jalan_l,293544.0
5,,KAB. NGAWI,fasilitas_pelayanan_kesehatan_tingkat_pertama_puskesmas_rawat_jalan_p,505215.0
5,,KAB. NGAWI,fasilitas_pelayanan_kesehatan_tingkat_pertama_puskesmas_rawat_jalan_l_+_p,798759.0
5,,KAB. NGAWI,fasilitas_pelayanan_kesehatan_tingkat_pertama_puskesmas_rawat_inap_l,6465.0
5,,KAB. NGAWI,fasilitas_pelayanan_kesehatan_tingkat_pertama_puskesmas_rawat_inap_p,8249.0
5,,KAB. NGAWI,fasilitas_pelayanan_kesehatan_tingkat_pertama_puskesmas_rawat_inap_l_+_p,14714.0
5,,KAB. NGAWI,fasilitas_pelayanan_kesehatan_tingkat_pertama_puskesmas_gangguan_jiwa_l,2701.0
5,,KAB. NGAWI,fasilitas_pelayanan_kesehatan_tingkat_pertama_puskesmas_gangguan_jiwa_p,2555.0
5,,KAB. NGAWI,fasilitas_pelayanan_kesehatan_tingkat_pertama_puskesmas_gangguan_jiwa_l_+_p,5256.0
5,,KAB. BOJONEGORO,fasilitas_pelayanan_kesehatan_tingkat_pertama_puskesmas_rawat_jalan_l,192833.0
5,,KAB. BOJONEGORO,fasilitas_pelayanan_kesehatan_tingkat_pertama_puskesmas_rawat_jalan_p,350941.0
5,,KAB. BOJONEGORO,fasilitas_pelayanan_kesehatan_tingkat_pertama_puskesmas_rawat_jalan_l_+_p,543774.0
5,,KAB. BOJONEGORO,fasilitas_pelayanan_kesehatan_tingkat_pertama_puskesmas_rawat_inap_l,2543.0
5,,KAB. BOJONEGORO,fasilitas_pelayanan_kesehatan_tingkat_pertama_puskesmas_rawat_inap_p,2522.0
5,,KAB. BOJONEGORO,fasilitas_pelayanan_kesehatan_tingkat_pertama_puskesmas_rawat_inap_l_+_p,5065.0
5,,KAB. BOJONEGORO,fasilitas_pelayanan_kesehatan_tingkat_pertama_puskesmas_gangguan_jiwa_l,2049.0
5,,KAB. BOJONEGORO,fasilitas_pelayanan_kesehatan_tingkat_pertama_puskesmas_gangguan_jiwa_p,1606.0
5,,KAB. BOJONEGORO,fasilitas_pelayanan_kesehatan_tingkat_pertama_puskesmas_gangguan_jiwa_l_+_p,3655.0
5,,KAB. TUBAN,fasilitas_pelayanan_kesehatan_tingkat_pertama_puskesmas_rawat_jalan_l,390564.0
5,,KAB. TUBAN,fasilitas_pelayanan_kesehatan_tingkat_pertama_puskesmas_rawat_jalan_p,650251.0
5,,KAB. TUBAN,fasilitas_pelayanan_kesehatan_tingkat_pertama_puskesmas_rawat_jalan_l_+_p,1040815.0
5,,KAB. TUBAN,fasilitas_pelayanan_kesehatan_tingkat_pertama_puskesmas_rawat_inap_l,3512.0
5,,KAB. TUBAN,fasilitas_pelayanan_kesehatan_tingkat_pertama_puskesmas_rawat_inap_p,4677.0
5,,KAB. TUBAN,fasilitas_pelayanan_kesehatan_tingkat_pertama_puskesmas_rawat_inap_l_+_p,8189.0
5,,KAB. TUBAN,fasilitas_pelayanan_kesehatan_tingkat_pertama_puskesmas_gangguan_jiwa_l,1454.0
5,,KAB. TUBAN,fasilitas_pelayanan_kesehatan_tingkat_pertama_puskesmas_gangguan_jiwa_p,738.0
5,,KAB. TUBAN,fasilitas_pelayanan_kesehatan_tingkat_pertama_puskesmas_gangguan_jiwa_l_+_p,2192.0
5,,KAB. LAMONGAN,fasilitas_pelayanan_kesehatan_tingkat_pertama_puskesmas_rawat_jalan_l,78495.0
5,,KAB. LAMONGAN,fasilitas_pelayanan_kesehatan_tingkat_pertama_puskesmas_rawat_jalan_p,104485.0
5,,KAB. LAMONGAN,fasilitas_pelayanan_kesehatan_tingkat_pertama_puskesmas_rawat_jalan_l_+_p,182980.0
5,,KAB. LAMONGAN,fasilitas_pelayanan_kesehatan_tingkat_pertama_puskesmas_rawat_inap_l,10113.0
5,,KAB. LAMONGAN,fasilitas_pelayanan_kesehatan_tingkat_pertama_puskesmas_rawat_inap_p,13373.0
5,,KAB. LAMONGAN,fasilitas_pelayanan_kesehatan_tingkat_pertama_puskesmas_rawat_inap_l_+_p,23486.0
5,,KAB. LAMONGAN,fasilitas_pelayanan_kesehatan_tingkat_pertama_puskesmas_gangguan_jiwa_l,1615.0
5,,KAB. LAMONGAN,fasilitas_pelayanan_kesehatan_tingkat_pertama_puskesmas_gangguan_jiwa_p,914.0
5,,KAB. LAMONGAN,fasilitas_pelayanan_kesehatan_tingkat_pertama_puskesmas_gangguan_jiwa_l_+_p,2529.0
5,,KAB. GRESIK,fasilitas_pelayanan_kesehatan_tingkat_pertama_puskesmas_rawat_jalan_l,769242.0
5,,KAB. GRESIK,fasilitas_pelayanan_kesehatan_tingkat_pertama_puskesmas_rawat_jalan_p,1219180.0
5,,KAB. GRESIK,fasilitas_pelayanan_kesehatan_tingkat_pertama_puskesmas_rawat_jalan_l_+_p,1988422.0
5,,KAB. GRESIK,fasilitas_pelayanan_kesehatan_tingkat_pertama_puskesmas_rawat_inap_l,1012.0
5,,KAB. GRESIK,fasilitas_pelayanan_kesehatan_tingkat_pertama_puskesmas_rawat_inap_p,1201.0
5,,KAB. GRESIK,fasilitas_pelayanan_kesehatan_tingkat_pertama_puskesmas_rawat_inap_l_+_p,2213.0
5,,KAB. GRESIK,fasilitas_pelayanan_kesehatan_tingkat_pertama_puskesmas_gangguan_jiwa_l,1345.0
5,,KAB. GRESIK,fasilitas_pelayanan_kesehatan_tingkat_pertama_puskesmas_gangguan_jiwa_p,634.0
5,,KAB. GRESIK,fasilitas_pelayanan_kesehatan_tingkat_pertama_puskesmas_gangguan_jiwa_l_+_p,1979.0
5,,KAB. BANGKALAN,fasilitas_pelayanan_kesehatan_tingkat_pertama_puskesmas_rawat_jalan_l,198794.0
5,,KAB. BANGKALAN,fasilitas_pelayanan_kesehatan_tingkat_pertama_puskesmas_rawat_jalan_p,230398.0
5,,KAB. BANGKALAN,fasilitas_pelayanan_kesehatan_tingkat_pertama_puskesmas_rawat_jalan_l_+_p,429192.0
5,,KAB. BANGKALAN,fasilitas_pelayanan_kesehatan_tingkat_pertama_puskesmas_rawat_inap_l,13539.0
5,,KAB. BANGKALAN,fasilitas_pelayanan_kesehatan_tingkat_pertama_puskesmas_rawat_inap_p,16437.0
5,,KAB. BANGKALAN,fasilitas_pelayanan_kesehatan_tingkat_pertama_puskesmas_rawat_inap_l_+_p,29976.0
5,,KAB. BANGKALAN,fasilitas_pelayanan_kesehatan_tingkat_pertama_puskesmas_gangguan_jiwa_l,1346.0
5,,KAB. BANGKALAN,fasilitas_pelayanan_kesehatan_tingkat_pertama_puskesmas_gangguan_jiwa_p,916.0
5,,KAB. BANGKALAN,fasilitas_pelayanan_kesehatan_tingkat_pertama_puskesmas_gangguan_jiwa_l_+_p,2262.0
5,,KAB. SAMPANG,fasilitas_pelayanan_kesehatan_tingkat_pertama_puskesmas_rawat_jalan_l,293105.0
5,,KAB. SAMPANG,fasilitas_pelayanan_kesehatan_tingkat_pertama_puskesmas_rawat_jalan_p,367178.0
5,,KAB. SAMPANG,fasilitas_pelayanan_kesehatan_tingkat_pertama_puskesmas_rawat_jalan_l_+_p,660283.0
5,,KAB. SAMPANG,fasilitas_pelayanan_kesehatan_tingkat_pertama_puskesmas_rawat_inap_l,12862.0
5,,KAB. SAMPANG,fasilitas_pelayanan_kesehatan_tingkat_pertama_puskesmas_rawat_inap_p,17274.0
5,,KAB. SAMPANG,fasilitas_pelayanan_kesehatan_tingkat_pertama_puskesmas_rawat_inap_l_+_p,30136.0
5,,KAB. SAMPANG,fasilitas_pelayanan_kesehatan_tingkat_pertama_puskesmas_gangguan_jiwa_l,1192.0
5,,KAB. SAMPANG,fasilitas_pelayanan_kesehatan_tingkat_pertama_puskesmas_gangguan_jiwa_p,877.0
5,,KAB. SAMPANG,fasilitas_pelayanan_kesehatan_tingkat_pertama_puskesmas_gangguan_jiwa_l_+_p,2069.0
5,,KAB. PAMEKASAN,fasilitas_pelayanan_kesehatan_tingkat_pertama_puskesmas_rawat_jalan_l,427694.0
5,,KAB. PAMEKASAN,fasilitas_pelayanan_kesehatan_tingkat_pertama_puskesmas_rawat_jalan_p,517256.0
5,,KAB. PAMEKASAN,fasilitas_pelayanan_kesehatan_tingkat_pertama_puskesmas_rawat_jalan_l_+_p,944950.0
5,,KAB. PAMEKASAN,fasilitas_pelayanan_kesehatan_tingkat_pertama_puskesmas_rawat_inap_l,7850.0
5,,KAB. PAMEKASAN,fasilitas_pelayanan_kesehatan_tingkat_pertama_puskesmas_rawat_inap_p,9529.0
5,,KAB. PAMEKASAN,fasilitas_pelayanan_kesehatan_tingkat_pertama_puskesmas_rawat_inap_l_+_p,17379.0
5,,KAB. PAMEKASAN,fasilitas_pelayanan_kesehatan_tingkat_pertama_puskesmas_gangguan_jiwa_l,948.0
5,,KAB. PAMEKASAN,fasilitas_pelayanan_kesehatan_tingkat_pertama_puskesmas_gangguan_jiwa_p,561.0
5,,KAB. PAMEKASAN,fasilitas_pelayanan_kesehatan_tingkat_pertama_puskesmas_gangguan_jiwa_l_+_p,1509.0
5,,KAB. SUMENEP,fasilitas_pelayanan_kesehatan_tingkat_pertama_puskesmas_rawat_jalan_l,220971.0
5,,KAB. SUMENEP,fasilitas_pelayanan_kesehatan_tingkat_pertama_puskesmas_rawat_jalan_p,303984.0
5,,KAB. SUMENEP,fasilitas_pelayanan_kesehatan_tingkat_pertama_puskesmas_rawat_jalan_l_+_p,524955.0
5,,KAB. SUMENEP,fasilitas_pelayanan_kesehatan_tingkat_pertama_puskesmas_rawat_inap_l,16412.0
5,,KAB. SUMENEP,fasilitas_pelayanan_kesehatan_tingkat_pertama_puskesmas_rawat_inap_p,21430.0
5,,KAB. SUMENEP,fasilitas_pelayanan_kesehatan_tingkat_pertama_puskesmas_rawat_inap_l_+_p,37842.0
5,,KAB. SUMENEP,fasilitas_pelayanan_kesehatan_tingkat_pertama_puskesmas_gangguan_jiwa_l,3304.0
5,,KAB. SUMENEP,fasilitas_pelayanan_kesehatan_tingkat_pertama_puskesmas_gangguan_jiwa_p,2538.0
5,,KAB. SUMENEP,fasilitas_pelayanan_kesehatan_tingkat_pertama_puskesmas_gangguan_jiwa_l_+_p,5842.0
5,,KOTA KEDIRI,fasilitas_pelayanan_kesehatan_tingkat_pertama_puskesmas_rawat_jalan_l,128104.0
5,,KOTA KEDIRI,fasilitas_pelayanan_kesehatan_tingkat_pertama_puskesmas_rawat_jalan_p,216838.0
5,,KOTA KEDIRI,fasilitas_pelayanan_kesehatan_tingkat_pertama_puskesmas_rawat_jalan_l_+_p,344942.0
5,,KOTA KEDIRI,fasilitas_pelayanan_kesehatan_tingkat_pertama_puskesmas_rawat_inap_l_+_p,0.0
5,,KOTA KEDIRI,fasilitas_pelayanan_kesehatan_tingkat_pertama_puskesmas_gangguan_jiwa_l,1766.0
5,,KOTA KEDIRI,fasilitas_pelayanan_kesehatan_tingkat_pertama_puskesmas_gangguan_jiwa_p,2612.0
5,,KOTA KEDIRI,fasilitas_pelayanan_kesehatan_tingkat_pertama_puskesmas_gangguan_jiwa_l_+_p,4378.0
5,,KOTA BLITAR,fasilitas_pelayanan_kesehatan_tingkat_pertama_puskesmas_rawat_jalan_l,176474.0
5,,KOTA BLITAR,fasilitas_pelayanan_kesehatan_tingkat_pertama_puskesmas_rawat_jalan_p,299559.0
5,,KOTA BLITAR,fasilitas_pelayanan_kesehatan_tingkat_pertama_puskesmas_rawat_jalan_l_+_p,476033.0
5,,KOTA BLITAR,fasilitas_pelayanan_kesehatan_tingkat_pertama_puskesmas_rawat_inap_l,0.0
5,,KOTA BLITAR,fasilitas_pelayanan_kesehatan_tingkat_pertama_puskesmas_rawat_inap_p,0.0
5,,KOTA BLITAR,fasilitas_pelayanan_kesehatan_tingkat_pertama_puskesmas_rawat_inap_l_+_p,0.0
5,,KOTA BLITAR,fasilitas_pelayanan_kesehatan_tingkat_pertama_puskesmas_gangguan_jiwa_l,1486.0
5,,KOTA BLITAR,fasilitas_pelayanan_kesehatan_tingkat_pertama_puskesmas_gangguan_jiwa_p,1520.0
5,,KOTA BLITAR,fasilitas_pelayanan_kesehatan_tingkat_pertama_puskesmas_gangguan_jiwa_l_+_p,3006.0
5,,KOTA MALANG,fasilitas_pelayanan_kesehatan_tingkat_pertama_puskesmas_rawat_jalan_l,57214.0
5,,KOTA MALANG,fasilitas_pelayanan_kesehatan_tingkat_pertama_puskesmas_rawat_jalan_p,71454.0
5,,KOTA MALANG,fasilitas_pelayanan_kesehatan_tingkat_pertama_puskesmas_rawat_jalan_l_+_p,128668.0
5,,KOTA MALANG,fasilitas_pelayanan_kesehatan_tingkat_pertama_puskesmas_rawat_inap_l,0.0
5,,KOTA MALANG,fasilitas_pelayanan_kesehatan_tingkat_pertama_puskesmas_rawat_inap_p,0.0
5,,KOTA MALANG,fasilitas_pelayanan_kesehatan_tingkat_pertama_puskesmas_rawat_inap_l_+_p,0.0
5,,KOTA MALANG,fasilitas_pelayanan_kesehatan_tingkat_pertama_puskesmas_gangguan_jiwa_l,1889.0
5,,KOTA MALANG,fasilitas_pelayanan_kesehatan_tingkat_pertama_puskesmas_gangguan_jiwa_p,1904.0
5,,KOTA MALANG,fasilitas_pelayanan_kesehatan_tingkat_pertama_puskesmas_gangguan_jiwa_l_+_p,3793.0
5,,KOTA PROBOLINGGO,fasilitas_pelayanan_kesehatan_tingkat_pertama_puskesmas_rawat_jalan_l,81066.0
5,,KOTA PROBOLINGGO,fasilitas_pelayanan_kesehatan_tingkat_pertama_puskesmas_rawat_jalan_p,135959.0
5,,KOTA PROBOLINGGO,fasilitas_pelayanan_kesehatan_tingkat_pertama_puskesmas_rawat_jalan_l_+_p,217025.0
5,,KOTA PROBOLINGGO,fasilitas_pelayanan_kesehatan_tingkat_pertama_puskesmas_rawat_inap_l,370.0
5,,KOTA PROBOLINGGO,fasilitas_pelayanan_kesehatan_tingkat_pertama_puskesmas_rawat_inap_p,550.0
5,,KOTA PROBOLINGGO,fasilitas_pelayanan_kesehatan_tingkat_pertama_puskesmas_rawat_inap_l_+_p,920.0
5,,KOTA PROBOLINGGO,fasilitas_pelayanan_kesehatan_tingkat_pertama_puskesmas_gangguan_jiwa_l,368.0
5,,KOTA PROBOLINGGO,fasilitas_pelayanan_kesehatan_tingkat_pertama_puskesmas_gangguan_jiwa_p,188.0
5,,KOTA PROBOLINGGO,fasilitas_pelayanan_kesehatan_tingkat_pertama_puskesmas_gangguan_jiwa_l_+_p,556.0
5,,KOTA PASURUAN,fasilitas_pelayanan_kesehatan_tingkat_pertama_puskesmas_rawat_jalan_l,126681.0
5,,KOTA PASURUAN,fasilitas_pelayanan_kesehatan_tingkat_pertama_puskesmas_rawat_jalan_p,214473.0
5,,KOTA PASURUAN,fasilitas_pelayanan_kesehatan_tingkat_pertama_puskesmas_rawat_jalan_l_+_p,341154.0
5,,KOTA PASURUAN,fasilitas_pelayanan_kesehatan_tingkat_pertama_puskesmas_rawat_inap_l,0.0
5,,KOTA PASURUAN,fasilitas_pelayanan_kesehatan_tingkat_pertama_puskesmas_rawat_inap_p,0.0
5,,KOTA PASURUAN,fasilitas_pelayanan_kesehatan_tingkat_pertama_puskesmas_rawat_inap_l_+_p,0.0
5,,KOTA PASURUAN,fasilitas_pelayanan_kesehatan_tingkat_pertama_puskesmas_gangguan_jiwa_l,216.0
5,,KOTA PASURUAN,fasilitas_pelayanan_kesehatan_tingkat_pertama_puskesmas_gangguan_jiwa_p,163.0
5,,KOTA PASURUAN,fasilitas_pelayanan_kesehatan_tingkat_pertama_puskesmas_gangguan_jiwa_l_+_p,379.0
5,,KOTA MOJOKERTO,fasilitas_pelayanan_kesehatan_tingkat_pertama_puskesmas_rawat_jalan_l,158858.0
5,,KOTA MOJOKERTO,fasilitas_pelayanan_kesehatan_tingkat_pertama_puskesmas_rawat_jalan_p,212882.0
5,,KOTA MOJOKERTO,fasilitas_pelayanan_kesehatan_tingkat_pertama_puskesmas_rawat_jalan_l_+_p,371740.0
5,,KOTA MOJOKERTO,fasilitas_pelayanan_kesehatan_tingkat_pertama_puskesmas_rawat_inap_l,0.0
5,,KOTA MOJOKERTO,fasilitas_pelayanan_kesehatan_tingkat_pertama_puskesmas_rawat_inap_p,0.0
5,,KOTA MOJOKERTO,fasilitas_pelayanan_kesehatan_tingkat_pertama_puskesmas_rawat_inap_l_+_p,0.0
5,,KOTA MOJOKERTO,fasilitas_pelayanan_kesehatan_tingkat_pertama_puskesmas_gangguan_jiwa_l,516.0
5,,KOTA MOJOKERTO,fasilitas_pelayanan_kesehatan_tingkat_pertama_puskesmas_gangguan_jiwa_p,383.0
5,,KOTA MOJOKERTO,fasilitas_pelayanan_kesehatan_tingkat_pertama_puskesmas_gangguan_jiwa_l_+_p,899.0
5,,KOTA MADIUN,fasilitas_pelayanan_kesehatan_tingkat_pertama_puskesmas_rawat_jalan_l,121885.0
5,,KOTA MADIUN,fasilitas_pelayanan_kesehatan_tingkat_pertama_puskesmas_rawat_jalan_p,231190.0
5,,KOTA MADIUN,fasilitas_pelayanan_kesehatan_tingkat_pertama_puskesmas_rawat_jalan_l_+_p,353075.0
5,,KOTA MADIUN,fasilitas_pelayanan_kesehatan_tingkat_pertama_puskesmas_rawat_inap_l,0.0
5,,KOTA MADIUN,fasilitas_pelayanan_kesehatan_tingkat_pertama_puskesmas_rawat_inap_p,0.0
5,,KOTA MADIUN,fasilitas_pelayanan_kesehatan_tingkat_pertama_puskesmas_rawat_inap_l_+_p,0.0
5,,KOTA MADIUN,fasilitas_pelayanan_kesehatan_tingkat_pertama_puskesmas_gangguan_jiwa_l,841.0
5,,KOTA MADIUN,fasilitas_pelayanan_kesehatan_tingkat_pertama_puskesmas_gangguan_jiwa_p,587.0
5,,KOTA MADIUN,fasilitas_pelayanan_kesehatan_tingkat_pertama_puskesmas_gangguan_jiwa_l_+_p,1428.0
5,,KOTA SURABAYA,fasilitas_pelayanan_kesehatan_tingkat_pertama_puskesmas_rawat_jalan_l,186236.0
5,,KOTA SURABAYA,fasilitas_pelayanan_kesehatan_tingkat_pertama_puskesmas_rawat_jalan_p,218848.0
5,,KOTA SURABAYA,fasilitas_pelayanan_kesehatan_tingkat_pertama_puskesmas_rawat_jalan_l_+_p,405084.0
5,,KOTA SURABAYA,fasilitas_pelayanan_kesehatan_tingkat_pertama_puskesmas_rawat_inap_l,3544.0
5,,KOTA SURABAYA,fasilitas_pelayanan_kesehatan_tingkat_pertama_puskesmas_rawat_inap_p,8982.0
5,,KOTA SURABAYA,fasilitas_pelayanan_kesehatan_tingkat_pertama_puskesmas_rawat_inap_l_+_p,12526.0
5,,KOTA SURABAYA,fasilitas_pelayanan_kesehatan_tingkat_pertama_puskesmas_gangguan_jiwa_l,18785.0
5,,KOTA SURABAYA,fasilitas_pelayanan_kesehatan_tingkat_pertama_puskesmas_gangguan_jiwa_p,16976.0
5,,KOTA SURABAYA,fasilitas_pelayanan_kesehatan_tingkat_pertama_puskesmas_gangguan_jiwa_l_+_p,35761.0
5,,KOTA BATU,fasilitas_pelayanan_kesehatan_tingkat_pertama_puskesmas_rawat_jalan_l,69440.0
5,,KOTA BATU,fasilitas_pelayanan_kesehatan_tingkat_pertama_puskesmas_rawat_jalan_p,128406.0
5,,KOTA BATU,fasilitas_pelayanan_kesehatan_tingkat_pertama_puskesmas_rawat_jalan_l_+_p,197846.0
5,,KOTA BATU,fasilitas_pelayanan_kesehatan_tingkat_pertama_puskesmas_rawat_inap_l,1.0
5,,KOTA BATU,fasilitas_pelayanan_kesehatan_tingkat_pertama_puskesmas_rawat_inap_p,4.0
5,,KOTA BATU,fasilitas_pelayanan_kesehatan_tingkat_pertama_puskesmas_rawat_inap_l_+_p,5.0
5,,KOTA BATU,fasilitas_pelayanan_kesehatan_tingkat_pertama_puskesmas_gangguan_jiwa_l,156.0
5,,KOTA BATU,fasilitas_pelayanan_kesehatan_tingkat_pertama_puskesmas_gangguan_jiwa_p,222.0
5,,KOTA BATU,fasilitas_pelayanan_kesehatan_tingkat_pertama_puskesmas_gangguan_jiwa_l_+_p,378.0
5,,KAB. PACITAN,fasilitas_pelayanan_kesehatan_tingkat_pertama_klink_pratama_rawat_jalan_l,24258.0
5,,KAB. PACITAN,fasilitas_pelayanan_kesehatan_tingkat_pertama_klink_pratama_rawat_jalan_p,36000.0
5,,KAB. PACITAN,fasilitas_pelayanan_kesehatan_tingkat_pertama_klink_pratama_rawat_jalan_l_+_p,60258.0
5,,KAB. PACITAN,fasilitas_pelayanan_kesehatan_tingkat_pertama_klink_pratama_rawat_inap_l,1679.0
5,,KAB. PACITAN,fasilitas_pelayanan_kesehatan_tingkat_pertama_klink_pratama_rawat_inap_p,2220.0
5,,KAB. PACITAN,fasilitas_pelayanan_kesehatan_tingkat_pertama_klink_pratama_rawat_inap_l_+_p,3899.0
5,,KAB. PACITAN,fasilitas_pelayanan_kesehatan_tingkat_pertama_klink_pratama_gangguan_jiwa_l_+_p,0.0
5,,KAB. PONOROGO,fasilitas_pelayanan_kesehatan_tingkat_pertama_klink_pratama_rawat_jalan_l,154691.0
5,,KAB. PONOROGO,fasilitas_pelayanan_kesehatan_tingkat_pertama_klink_pratama_rawat_jalan_p,216469.0
5,,KAB. PONOROGO,fasilitas_pelayanan_kesehatan_tingkat_pertama_klink_pratama_rawat_jalan_l_+_p,371160.0
5,,KAB. PONOROGO,fasilitas_pelayanan_kesehatan_tingkat_pertama_klink_pratama_rawat_inap_l,1599.0
5,,KAB. PONOROGO,fasilitas_pelayanan_kesehatan_tingkat_pertama_klink_pratama_rawat_inap_p,2006.0
5,,KAB. PONOROGO,fasilitas_pelayanan_kesehatan_tingkat_pertama_klink_pratama_rawat_inap_l_+_p,3605.0
5,,KAB. PONOROGO,fasilitas_pelayanan_kesehatan_tingkat_pertama_klink_pratama_gangguan_jiwa_l_+_p,0.0
5,,KAB. TRENGGALEK,fasilitas_pelayanan_kesehatan_tingkat_pertama_klink_pratama_rawat_jalan_l,43665.0
5,,KAB. TRENGGALEK,fasilitas_pelayanan_kesehatan_tingkat_pertama_klink_pratama_rawat_jalan_p,64438.0
5,,KAB. TRENGGALEK,fasilitas_pelayanan_kesehatan_tingkat_pertama_klink_pratama_rawat_jalan_l_+_p,108103.0
5,,KAB. TRENGGALEK,fasilitas_pelayanan_kesehatan_tingkat_pertama_klink_pratama_rawat_inap_l,7896.0
5,,KAB. TRENGGALEK,fasilitas_pelayanan_kesehatan_tingkat_pertama_klink_pratama_rawat_inap_p,9157.0
5,,KAB. TRENGGALEK,fasilitas_pelayanan_kesehatan_tingkat_pertama_klink_pratama_rawat_inap_l_+_p,17053.0
5,,KAB. TRENGGALEK,fasilitas_pelayanan_kesehatan_tingkat_pertama_klink_pratama_gangguan_jiwa_l_+_p,0.0
5,,KAB. TULUNGAGUNG,fasilitas_pelayanan_kesehatan_tingkat_pertama_klink_pratama_rawat_jalan_l,81666.0
5,,KAB. TULUNGAGUNG,fasilitas_pelayanan_kesehatan_tingkat_pertama_klink_pratama_rawat_jalan_p,202026.0
5,,KAB. TULUNGAGUNG,fasilitas_pelayanan_kesehatan_tingkat_pertama_klink_pratama_rawat_jalan_l_+_p,286692.0
5,,KAB. TULUNGAGUNG,fasilitas_pelayanan_kesehatan_tingkat_pertama_klink_pratama_rawat_inap_l,1793.0
5,,KAB. TULUNGAGUNG,fasilitas_pelayanan_kesehatan_tingkat_pertama_klink_pratama_rawat_inap_p,2102.0
5,,KAB. TULUNGAGUNG,fasilitas_pelayanan_kesehatan_tingkat_pertama_klink_pratama_rawat_inap_l_+_p,3895.0
5,,KAB. TULUNGAGUNG,fasilitas_pelayanan_kesehatan_tingkat_pertama_klink_pratama_gangguan_jiwa_l,95.0
5,,KAB. TULUNGAGUNG,fasilitas_pelayanan_kesehatan_tingkat_pertama_klink_pratama_gangguan_jiwa_p,100.0
5,,KAB. TULUNGAGUNG,fasilitas_pelayanan_kesehatan_tingkat_pertama_klink_pratama_gangguan_jiwa_l_+_p,195.0
5,,KAB. BLITAR,fasilitas_pelayanan_kesehatan_tingkat_pertama_klink_pratama_rawat_jalan_l,80096.0
5,,KAB. BLITAR,fasilitas_pelayanan_kesehatan_tingkat_pertama_klink_pratama_rawat_jalan_p,101927.0
5,,KAB. BLITAR,fasilitas_pelayanan_kesehatan_tingkat_pertama_klink_pratama_rawat_jalan_l_+_p,182033.0
5,,KAB. BLITAR,fasilitas_pelayanan_kesehatan_tingkat_pertama_klink_pratama_rawat_inap_l,3142.0
5,,KAB. BLITAR,fasilitas_pelayanan_kesehatan_tingkat_pertama_klink_pratama_rawat_inap_p,4299.0
5,,KAB. BLITAR,fasilitas_pelayanan_kesehatan_tingkat_pertama_klink_pratama_rawat_inap_l_+_p,7441.0
5,,KAB. BLITAR,fasilitas_pelayanan_kesehatan_tingkat_pertama_klink_pratama_gangguan_jiwa_l,3116.0
5,,KAB. BLITAR,fasilitas_pelayanan_kesehatan_tingkat_pertama_klink_pratama_gangguan_jiwa_p,4367.0
5,,KAB. BLITAR,fasilitas_pelayanan_kesehatan_tingkat_pertama_klink_pratama_gangguan_jiwa_l_+_p,7483.0
5,,KAB. KEDIRI,fasilitas_pelayanan_kesehatan_tingkat_pertama_klink_pratama_rawat_jalan_l,183279.0
5,,KAB. KEDIRI,fasilitas_pelayanan_kesehatan_tingkat_pertama_klink_pratama_rawat_jalan_p,233647.0
5,,KAB. KEDIRI,fasilitas_pelayanan_kesehatan_tingkat_pertama_klink_pratama_rawat_jalan_l_+_p,416926.0
5,,KAB. KEDIRI,fasilitas_pelayanan_kesehatan_tingkat_pertama_klink_pratama_rawat_inap_l,6939.0
5,,KAB. KEDIRI,fasilitas_pelayanan_kesehatan_tingkat_pertama_klink_pratama_rawat_inap_p,9603.0
5,,KAB. KEDIRI,fasilitas_pelayanan_kesehatan_tingkat_pertama_klink_pratama_rawat_inap_l_+_p,16542.0
5,,KAB. KEDIRI,fasilitas_pelayanan_kesehatan_tingkat_pertama_klink_pratama_gangguan_jiwa_l,117.0
5,,KAB. KEDIRI,fasilitas_pelayanan_kesehatan_tingkat_pertama_klink_pratama_gangguan_jiwa_p,151.0
5,,KAB. KEDIRI,fasilitas_pelayanan_kesehatan_tingkat_pertama_klink_pratama_gangguan_jiwa_l_+_p,268.0
5,,KAB. MALANG,fasilitas_pelayanan_kesehatan_tingkat_pertama_klink_pratama_rawat_jalan_l,83363.0
5,,KAB. MALANG,fasilitas_pelayanan_kesehatan_tingkat_pertama_klink_pratama_rawat_jalan_p,106119.0
5,,KAB. MALANG,fasilitas_pelayanan_kesehatan_tingkat_pertama_klink_pratama_rawat_jalan_l_+_p,189482.0
5,,KAB. MALANG,fasilitas_pelayanan_kesehatan_tingkat_pertama_klink_pratama_rawat_inap_l,3932.0
5,,KAB. MALANG,fasilitas_pelayanan_kesehatan_tingkat_pertama_klink_pratama_rawat_inap_p,5200.0
5,,KAB. MALANG,fasilitas_pelayanan_kesehatan_tingkat_pertama_klink_pratama_rawat_inap_l_+_p,9132.0
5,,KAB. MALANG,fasilitas_pelayanan_kesehatan_tingkat_pertama_klink_pratama_gangguan_jiwa_l,39.0
5,,KAB. MALANG,fasilitas_pelayanan_kesehatan_tingkat_pertama_klink_pratama_gangguan_jiwa_p,49.0
5,,KAB. MALANG,fasilitas_pelayanan_kesehatan_tingkat_pertama_klink_pratama_gangguan_jiwa_l_+_p,88.0
5,,KAB. LUMAJANG,fasilitas_pelayanan_kesehatan_tingkat_pertama_klink_pratama_rawat_jalan_l,112682.0
5,,KAB. LUMAJANG,fasilitas_pelayanan_kesehatan_tingkat_pertama_klink_pratama_rawat_jalan_p,146695.0
5,,KAB. LUMAJANG,fasilitas_pelayanan_kesehatan_tingkat_pertama_klink_pratama_rawat_jalan_l_+_p,259183.0
5,,KAB. LUMAJANG,fasilitas_pelayanan_kesehatan_tingkat_pertama_klink_pratama_rawat_inap_l,5987.0
5,,KAB. LUMAJANG,fasilitas_pelayanan_kesehatan_tingkat_pertama_klink_pratama_rawat_inap_p,7668.0
5,,KAB. LUMAJANG,fasilitas_pelayanan_kesehatan_tingkat_pertama_klink_pratama_rawat_inap_l_+_p,13655.0
5,,KAB. LUMAJANG,fasilitas_pelayanan_kesehatan_tingkat_pertama_klink_pratama_gangguan_jiwa_l_+_p,0.0
5,,KAB. JEMBER,fasilitas_pelayanan_kesehatan_tingkat_pertama_klink_pratama_rawat_jalan_l,232058.0
5,,KAB. JEMBER,fasilitas_pelayanan_kesehatan_tingkat_pertama_klink_pratama_rawat_jalan_p,333403.0
5,,KAB. JEMBER,fasilitas_pelayanan_kesehatan_tingkat_pertama_klink_pratama_rawat_jalan_l_+_p,565436.0
5,,KAB. JEMBER,fasilitas_pelayanan_kesehatan_tingkat_pertama_klink_pratama_rawat_inap_l,14579.0
5,,KAB. JEMBER,fasilitas_pelayanan_kesehatan_tingkat_pertama_klink_pratama_rawat_inap_p,18006.0
5,,KAB. JEMBER,fasilitas_pelayanan_kesehatan_tingkat_pertama_klink_pratama_rawat_inap_l_+_p,33395.0
5,,KAB. JEMBER,fasilitas_pelayanan_kesehatan_tingkat_pertama_klink_pratama_gangguan_jiwa_l_+_p,0.0
5,,KAB. BANYUWANGI,fasilitas_pelayanan_kesehatan_tingkat_pertama_klink_pratama_rawat_jalan_l,101756.0
5,,KAB. BANYUWANGI,fasilitas_pelayanan_kesehatan_tingkat_pertama_klink_pratama_rawat_jalan_p,123394.0
5,,KAB. BANYUWANGI,fasilitas_pelayanan_kesehatan_tingkat_pertama_klink_pratama_rawat_jalan_l_+_p,225150.0
5,,KAB. BANYUWANGI,fasilitas_pelayanan_kesehatan_tingkat_pertama_klink_pratama_rawat_inap_l,1692.0
5,,KAB. BANYUWANGI,fasilitas_pelayanan_kesehatan_tingkat_pertama_klink_pratama_rawat_inap_p,2080.0
5,,KAB. BANYUWANGI,fasilitas_pelayanan_kesehatan_tingkat_pertama_klink_pratama_rawat_inap_l_+_p,3772.0
5,,KAB. BANYUWANGI,fasilitas_pelayanan_kesehatan_tingkat_pertama_klink_pratama_gangguan_jiwa_l_+_p,0.0
5,,KAB. BONDOWOSO,fasilitas_pelayanan_kesehatan_tingkat_pertama_klink_pratama_rawat_jalan_l,59983.0
5,,KAB. BONDOWOSO,fasilitas_pelayanan_kesehatan_tingkat_pertama_klink_pratama_rawat_jalan_p,77381.0
5,,KAB. BONDOWOSO,fasilitas_pelayanan_kesehatan_tingkat_pertama_klink_pratama_rawat_jalan_l_+_p,137364.0
5,,KAB. BONDOWOSO,fasilitas_pelayanan_kesehatan_tingkat_pertama_klink_pratama_rawat_inap_l,2178.0
5,,KAB. BONDOWOSO,fasilitas_pelayanan_kesehatan_tingkat_pertama_klink_pratama_rawat_inap_p,2965.0
5,,KAB. BONDOWOSO,fasilitas_pelayanan_kesehatan_tingkat_pertama_klink_pratama_rawat_inap_l_+_p,5143.0
5,,KAB. BONDOWOSO,fasilitas_pelayanan_kesehatan_tingkat_pertama_klink_pratama_gangguan_jiwa_l_+_p,0.0
5,,KAB. SITUBONDO,fasilitas_pelayanan_kesehatan_tingkat_pertama_klink_pratama_rawat_jalan_l,12803.0
5,,KAB. SITUBONDO,fasilitas_pelayanan_kesehatan_tingkat_pertama_klink_pratama_rawat_jalan_p,17609.0
5,,KAB. SITUBONDO,fasilitas_pelayanan_kesehatan_tingkat_pertama_klink_pratama_rawat_jalan_l_+_p,30412.0
5,,KAB. SITUBONDO,fasilitas_pelayanan_kesehatan_tingkat_pertama_klink_pratama_gangguan_jiwa_l_+_p,0.0
5,,KAB. PROBOLINGGO,fasilitas_pelayanan_kesehatan_tingkat_pertama_klink_pratama_rawat_jalan_l,70753.0
5,,KAB. PROBOLINGGO,fasilitas_pelayanan_kesehatan_tingkat_pertama_klink_pratama_rawat_jalan_p,114536.0
5,,KAB. PROBOLINGGO,fasilitas_pelayanan_kesehatan_tingkat_pertama_klink_pratama_rawat_jalan_l_+_p,185289.0
5,,KAB. PROBOLINGGO,fasilitas_pelayanan_kesehatan_tingkat_pertama_klink_pratama_rawat_inap_l,1168.0
5,,KAB. PROBOLINGGO,fasilitas_pelayanan_kesehatan_tingkat_pertama_klink_pratama_rawat_inap_p,1580.0
5,,KAB. PROBOLINGGO,fasilitas_pelayanan_kesehatan_tingkat_pertama_klink_pratama_rawat_inap_l_+_p,2748.0
5,,KAB. PROBOLINGGO,fasilitas_pelayanan_kesehatan_tingkat_pertama_klink_pratama_gangguan_jiwa_l_+_p,0.0
5,,KAB. PASURUAN,fasilitas_pelayanan_kesehatan_tingkat_pertama_klink_pratama_rawat_jalan_l,247511.0
5,,KAB. PASURUAN,fasilitas_pelayanan_kesehatan_tingkat_pertama_klink_pratama_rawat_jalan_p,277779.0
5,,KAB. PASURUAN,fasilitas_pelayanan_kesehatan_tingkat_pertama_klink_pratama_rawat_jalan_l_+_p,525290.0
5,,KAB. PASURUAN,fasilitas_pelayanan_kesehatan_tingkat_pertama_klink_pratama_rawat_inap_l,3669.0
5,,KAB. PASURUAN,fasilitas_pelayanan_kesehatan_tingkat_pertama_klink_pratama_rawat_inap_p,3583.0
5,,KAB. PASURUAN,fasilitas_pelayanan_kesehatan_tingkat_pertama_klink_pratama_rawat_inap_l_+_p,7252.0
5,,KAB. PASURUAN,fasilitas_pelayanan_kesehatan_tingkat_pertama_klink_pratama_gangguan_jiwa_l_+_p,0.0
5,,KAB. SIDOARJO,fasilitas_pelayanan_kesehatan_tingkat_pertama_klink_pratama_rawat_jalan_l,729401.0
5,,KAB. SIDOARJO,fasilitas_pelayanan_kesehatan_tingkat_pertama_klink_pratama_rawat_jalan_p,878971.0
5,,KAB. SIDOARJO,fasilitas_pelayanan_kesehatan_tingkat_pertama_klink_pratama_rawat_jalan_l_+_p,1608372.0
5,,KAB. SIDOARJO,fasilitas_pelayanan_kesehatan_tingkat_pertama_klink_pratama_rawat_inap_l,3578.0
5,,KAB. SIDOARJO,fasilitas_pelayanan_kesehatan_tingkat_pertama_klink_pratama_rawat_inap_p,5146.0
5,,KAB. SIDOARJO,fasilitas_pelayanan_kesehatan_tingkat_pertama_klink_pratama_rawat_inap_l_+_p,8724.0
5,,KAB. SIDOARJO,fasilitas_pelayanan_kesehatan_tingkat_pertama_klink_pratama_gangguan_jiwa_l_+_p,0.0
5,,KAB. MOJOKERTO,fasilitas_pelayanan_kesehatan_tingkat_pertama_klink_pratama_rawat_jalan_l,343843.0
5,,KAB. MOJOKERTO,fasilitas_pelayanan_kesehatan_tingkat_pertama_klink_pratama_rawat_jalan_p,427446.0
5,,KAB. MOJOKERTO,fasilitas_pelayanan_kesehatan_tingkat_pertama_klink_pratama_rawat_jalan_l_+_p,771269.0
5,,KAB. MOJOKERTO,fasilitas_pelayanan_kesehatan_tingkat_pertama_klink_pratama_rawat_inap_l,2597.0
5,,KAB. MOJOKERTO,fasilitas_pelayanan_kesehatan_tingkat_pertama_klink_pratama_rawat_inap_p,3442.0
5,,KAB. MOJOKERTO,fasilitas_pelayanan_kesehatan_tingkat_pertama_klink_pratama_rawat_inap_l_+_p,6039.0
5,,KAB. MOJOKERTO,fasilitas_pelayanan_kesehatan_tingkat_pertama_klink_pratama_gangguan_jiwa_l_+_p,0.0
5,,KAB. JOMBANG,fasilitas_pelayanan_kesehatan_tingkat_pertama_klink_pratama_rawat_jalan_l,118094.0
5,,KAB. JOMBANG,fasilitas_pelayanan_kesehatan_tingkat_pertama_klink_pratama_rawat_jalan_p,163917.0
5,,KAB. JOMBANG,fasilitas_pelayanan_kesehatan_tingkat_pertama_klink_pratama_rawat_jalan_l_+_p,282011.0
5,,KAB. JOMBANG,fasilitas_pelayanan_kesehatan_tingkat_pertama_klink_pratama_rawat_inap_l,1254.0
5,,KAB. JOMBANG,fasilitas_pelayanan_kesehatan_tingkat_pertama_klink_pratama_rawat_inap_p,1951.0
5,,KAB. JOMBANG,fasilitas_pelayanan_kesehatan_tingkat_pertama_klink_pratama_rawat_inap_l_+_p,3205.0
5,,KAB. JOMBANG,fasilitas_pelayanan_kesehatan_tingkat_pertama_klink_pratama_gangguan_jiwa_l_+_p,0.0
5,,KAB. NGANJUK,fasilitas_pelayanan_kesehatan_tingkat_pertama_klink_pratama_gangguan_jiwa_l_+_p,0.0
5,,KAB. MADIUN,fasilitas_pelayanan_kesehatan_tingkat_pertama_klink_pratama_rawat_jalan_l,38577.0
5,,KAB. MADIUN,fasilitas_pelayanan_kesehatan_tingkat_pertama_klink_pratama_rawat_jalan_p,52409.0
5,,KAB. MADIUN,fasilitas_pelayanan_kesehatan_tingkat_pertama_klink_pratama_rawat_jalan_l_+_p,87747.0
5,,KAB. MADIUN,fasilitas_pelayanan_kesehatan_tingkat_pertama_klink_pratama_rawat_inap_l,78009.0
5,,KAB. MADIUN,fasilitas_pelayanan_kesehatan_tingkat_pertama_klink_pratama_rawat_inap_p,58231.0
5,,KAB. MADIUN,fasilitas_pelayanan_kesehatan_tingkat_pertama_klink_pratama_rawat_inap_l_+_p,136240.0
5,,KAB. MADIUN,fasilitas_pelayanan_kesehatan_tingkat_pertama_klink_pratama_gangguan_jiwa_l_+_p,0.0
5,,KAB. MAGETAN,fasilitas_pelayanan_kesehatan_tingkat_pertama_klink_pratama_rawat_jalan_l,31812.0
5,,KAB. MAGETAN,fasilitas_pelayanan_kesehatan_tingkat_pertama_klink_pratama_rawat_jalan_p,32813.0
5,,KAB. MAGETAN,fasilitas_pelayanan_kesehatan_tingkat_pertama_klink_pratama_rawat_jalan_l_+_p,64625.0
5,,KAB. MAGETAN,fasilitas_pelayanan_kesehatan_tingkat_pertama_klink_pratama_rawat_inap_l,1517.0
5,,KAB. MAGETAN,fasilitas_pelayanan_kesehatan_tingkat_pertama_klink_pratama_rawat_inap_p,1264.0
5,,KAB. MAGETAN,fasilitas_pelayanan_kesehatan_tingkat_pertama_klink_pratama_rawat_inap_l_+_p,2781.0
5,,KAB. MAGETAN,fasilitas_pelayanan_kesehatan_tingkat_pertama_klink_pratama_gangguan_jiwa_l_+_p,0.0
5,,KAB. NGAWI,fasilitas_pelayanan_kesehatan_tingkat_pertama_klink_pratama_rawat_jalan_l,24555.0
5,,KAB. NGAWI,fasilitas_pelayanan_kesehatan_tingkat_pertama_klink_pratama_rawat_jalan_p,34320.0
5,,KAB. NGAWI,fasilitas_pelayanan_kesehatan_tingkat_pertama_klink_pratama_rawat_jalan_l_+_p,58875.0
5,,KAB. NGAWI,fasilitas_pelayanan_kesehatan_tingkat_pertama_klink_pratama_rawat_inap_l,2019.0
5,,KAB. NGAWI,fasilitas_pelayanan_kesehatan_tingkat_pertama_klink_pratama_rawat_inap_p,2696.0
5,,KAB. NGAWI,fasilitas_pelayanan_kesehatan_tingkat_pertama_klink_pratama_rawat_inap_l_+_p,4715.0
5,,KAB. NGAWI,fasilitas_pelayanan_kesehatan_tingkat_pertama_klink_pratama_gangguan_jiwa_l,119.0
5,,KAB. NGAWI,fasilitas_pelayanan_kesehatan_tingkat_pertama_klink_pratama_gangguan_jiwa_p,145.0
5,,KAB. NGAWI,fasilitas_pelayanan_kesehatan_tingkat_pertama_klink_pratama_gangguan_jiwa_l_+_p,264.0
5,,KAB. BOJONEGORO,fasilitas_pelayanan_kesehatan_tingkat_pertama_klink_pratama_gangguan_jiwa_l_+_p,0.0
5,,KAB. TUBAN,fasilitas_pelayanan_kesehatan_tingkat_pertama_klink_pratama_rawat_jalan_l,116297.0
5,,KAB. TUBAN,fasilitas_pelayanan_kesehatan_tingkat_pertama_klink_pratama_rawat_jalan_p,182618.0
5,,KAB. TUBAN,fasilitas_pelayanan_kesehatan_tingkat_pertama_klink_pratama_rawat_jalan_l_+_p,298915.0
5,,KAB. TUBAN,fasilitas_pelayanan_kesehatan_tingkat_pertama_klink_pratama_rawat_inap_l,4439.0
5,,KAB. TUBAN,fasilitas_pelayanan_kesehatan_tingkat_pertama_klink_pratama_rawat_inap_p,6185.0
5,,KAB. TUBAN,fasilitas_pelayanan_kesehatan_tingkat_pertama_klink_pratama_rawat_inap_l_+_p,10624.0
5,,KAB. TUBAN,fasilitas_pelayanan_kesehatan_tingkat_pertama_klink_pratama_gangguan_jiwa_l_+_p,0.0
5,,KAB. LAMONGAN,fasilitas_pelayanan_kesehatan_tingkat_pertama_klink_pratama_rawat_jalan_l,222444.0
5,,KAB. LAMONGAN,fasilitas_pelayanan_kesehatan_tingkat_pertama_klink_pratama_rawat_jalan_p,278315.0
5,,KAB. LAMONGAN,fasilitas_pelayanan_kesehatan_tingkat_pertama_klink_pratama_rawat_jalan_l_+_p,500759.0
5,,KAB. LAMONGAN,fasilitas_pelayanan_kesehatan_tingkat_pertama_klink_pratama_rawat_inap_l,10393.0
5,,KAB. LAMONGAN,fasilitas_pelayanan_kesehatan_tingkat_pertama_klink_pratama_rawat_inap_p,12284.0
5,,KAB. LAMONGAN,fasilitas_pelayanan_kesehatan_tingkat_pertama_klink_pratama_rawat_inap_l_+_p,22677.0
5,,KAB. LAMONGAN,fasilitas_pelayanan_kesehatan_tingkat_pertama_klink_pratama_gangguan_jiwa_l_+_p,0.0
5,,KAB. GRESIK,fasilitas_pelayanan_kesehatan_tingkat_pertama_klink_pratama_rawat_jalan_l,260505.0
5,,KAB. GRESIK,fasilitas_pelayanan_kesehatan_tingkat_pertama_klink_pratama_rawat_jalan_p,306827.0
5,,KAB. GRESIK,fasilitas_pelayanan_kesehatan_tingkat_pertama_klink_pratama_rawat_jalan_l_+_p,567332.0
5,,KAB. GRESIK,fasilitas_pelayanan_kesehatan_tingkat_pertama_klink_pratama_rawat_inap_l,1422.0
5,,KAB. GRESIK,fasilitas_pelayanan_kesehatan_tingkat_pertama_klink_pratama_rawat_inap_p,1596.0
5,,KAB. GRESIK,fasilitas_pelayanan_kesehatan_tingkat_pertama_klink_pratama_rawat_inap_l_+_p,3018.0
5,,KAB. GRESIK,fasilitas_pelayanan_kesehatan_tingkat_pertama_klink_pratama_gangguan_jiwa_l,209.0
5,,KAB. GRESIK,fasilitas_pelayanan_kesehatan_tingkat_pertama_klink_pratama_gangguan_jiwa_p,195.0
5,,KAB. GRESIK,fasilitas_pelayanan_kesehatan_tingkat_pertama_klink_pratama_gangguan_jiwa_l_+_p,404.0
5,,KAB. BANGKALAN,fasilitas_pelayanan_kesehatan_tingkat_pertama_klink_pratama_rawat_jalan_l,18338.0
5,,KAB. BANGKALAN,fasilitas_pelayanan_kesehatan_tingkat_pertama_klink_pratama_rawat_jalan_p,19658.0
5,,KAB. BANGKALAN,fasilitas_pelayanan_kesehatan_tingkat_pertama_klink_pratama_rawat_jalan_l_+_p,37996.0
5,,KAB. BANGKALAN,fasilitas_pelayanan_kesehatan_tingkat_pertama_klink_pratama_rawat_inap_l,1223.0
5,,KAB. BANGKALAN,fasilitas_pelayanan_kesehatan_tingkat_pertama_klink_pratama_rawat_inap_p,1800.0
5,,KAB. BANGKALAN,fasilitas_pelayanan_kesehatan_tingkat_pertama_klink_pratama_rawat_inap_l_+_p,3023.0
5,,KAB. BANGKALAN,fasilitas_pelayanan_kesehatan_tingkat_pertama_klink_pratama_gangguan_jiwa_l,0.0
5,,KAB. BANGKALAN,fasilitas_pelayanan_kesehatan_tingkat_pertama_klink_pratama_gangguan_jiwa_p,0.0
5,,KAB. BANGKALAN,fasilitas_pelayanan_kesehatan_tingkat_pertama_klink_pratama_gangguan_jiwa_l_+_p,0.0
5,,KAB. SAMPANG,fasilitas_pelayanan_kesehatan_tingkat_pertama_klink_pratama_rawat_jalan_l,9713.0
5,,KAB. SAMPANG,fasilitas_pelayanan_kesehatan_tingkat_pertama_klink_pratama_rawat_jalan_p,9641.0
5,,KAB. SAMPANG,fasilitas_pelayanan_kesehatan_tingkat_pertama_klink_pratama_rawat_jalan_l_+_p,19354.0
5,,KAB. SAMPANG,fasilitas_pelayanan_kesehatan_tingkat_pertama_klink_pratama_rawat_inap_l,8698.0
5,,KAB. SAMPANG,fasilitas_pelayanan_kesehatan_tingkat_pertama_klink_pratama_rawat_inap_p,55870.0
5,,KAB. SAMPANG,fasilitas_pelayanan_kesehatan_tingkat_pertama_klink_pratama_rawat_inap_l_+_p,64568.0
5,,KAB. SAMPANG,fasilitas_pelayanan_kesehatan_tingkat_pertama_klink_pratama_gangguan_jiwa_l_+_p,0.0
5,,KAB. PAMEKASAN,fasilitas_pelayanan_kesehatan_tingkat_pertama_klink_pratama_rawat_jalan_l,25407.0
5,,KAB. PAMEKASAN,fasilitas_pelayanan_kesehatan_tingkat_pertama_klink_pratama_rawat_jalan_p,42341.0
5,,KAB. PAMEKASAN,fasilitas_pelayanan_kesehatan_tingkat_pertama_klink_pratama_rawat_jalan_l_+_p,67748.0
5,,KAB. PAMEKASAN,fasilitas_pelayanan_kesehatan_tingkat_pertama_klink_pratama_rawat_inap_l,3073.0
5,,KAB. PAMEKASAN,fasilitas_pelayanan_kesehatan_tingkat_pertama_klink_pratama_rawat_inap_p,3582.0
5,,KAB. PAMEKASAN,fasilitas_pelayanan_kesehatan_tingkat_pertama_klink_pratama_rawat_inap_l_+_p,6655.0
5,,KAB. PAMEKASAN,fasilitas_pelayanan_kesehatan_tingkat_pertama_klink_pratama_gangguan_jiwa_l,49.0
5,,KAB. PAMEKASAN,fasilitas_pelayanan_kesehatan_tingkat_pertama_klink_pratama_gangguan_jiwa_p,0.0
5,,KAB. PAMEKASAN,fasilitas_pelayanan_kesehatan_tingkat_pertama_klink_pratama_gangguan_jiwa_l_+_p,49.0
5,,KAB. SUMENEP,fasilitas_pelayanan_kesehatan_tingkat_pertama_klink_pratama_rawat_jalan_l,7168.0
5,,KAB. SUMENEP,fasilitas_pelayanan_kesehatan_tingkat_pertama_klink_pratama_rawat_jalan_p,7421.0
5,,KAB. SUMENEP,fasilitas_pelayanan_kesehatan_tingkat_pertama_klink_pratama_rawat_jalan_l_+_p,14589.0
5,,KAB. SUMENEP,fasilitas_pelayanan_kesehatan_tingkat_pertama_klink_pratama_rawat_inap_l,1732.0
5,,KAB. SUMENEP,fasilitas_pelayanan_kesehatan_tingkat_pertama_klink_pratama_rawat_inap_p,1982.0
5,,KAB. SUMENEP,fasilitas_pelayanan_kesehatan_tingkat_pertama_klink_pratama_rawat_inap_l_+_p,0.0
5,,KAB. SUMENEP,fasilitas_pelayanan_kesehatan_tingkat_pertama_klink_pratama_gangguan_jiwa_l_+_p,0.0
5,,KOTA KEDIRI,fasilitas_pelayanan_kesehatan_tingkat_pertama_klink_pratama_gangguan_jiwa_l_+_p,0.0
5,,KOTA BLITAR,fasilitas_pelayanan_kesehatan_tingkat_pertama_klink_pratama_rawat_jalan_l,33515.0
5,,KOTA BLITAR,fasilitas_pelayanan_kesehatan_tingkat_pertama_klink_pratama_rawat_jalan_p,59770.0
5,,KOTA BLITAR,fasilitas_pelayanan_kesehatan_tingkat_pertama_klink_pratama_rawat_jalan_l_+_p,93285.0
5,,KOTA BLITAR,fasilitas_pelayanan_kesehatan_tingkat_pertama_klink_pratama_rawat_inap_l,387.0
5,,KOTA BLITAR,fasilitas_pelayanan_kesehatan_tingkat_pertama_klink_pratama_rawat_inap_p,669.0
5,,KOTA BLITAR,fasilitas_pelayanan_kesehatan_tingkat_pertama_klink_pratama_rawat_inap_l_+_p,1056.0
5,,KOTA BLITAR,fasilitas_pelayanan_kesehatan_tingkat_pertama_klink_pratama_gangguan_jiwa_l_+_p,0.0
5,,KOTA MALANG,fasilitas_pelayanan_kesehatan_tingkat_pertama_klink_pratama_rawat_jalan_l,214488.0
5,,KOTA MALANG,fasilitas_pelayanan_kesehatan_tingkat_pertama_klink_pratama_rawat_jalan_p,325806.0
5,,KOTA MALANG,fasilitas_pelayanan_kesehatan_tingkat_pertama_klink_pratama_rawat_jalan_l_+_p,540294.0
5,,KOTA MALANG,fasilitas_pelayanan_kesehatan_tingkat_pertama_klink_pratama_rawat_inap_l,0.0
5,,KOTA MALANG,fasilitas_pelayanan_kesehatan_tingkat_pertama_klink_pratama_rawat_inap_p,0.0
5,,KOTA MALANG,fasilitas_pelayanan_kesehatan_tingkat_pertama_klink_pratama_rawat_inap_l_+_p,0.0
5,,KOTA MALANG,fasilitas_pelayanan_kesehatan_tingkat_pertama_klink_pratama_gangguan_jiwa_l_+_p,0.0
5,,KOTA PROBOLINGGO,fasilitas_pelayanan_kesehatan_tingkat_pertama_klink_pratama_rawat_jalan_l,45750.0
5,,KOTA PROBOLINGGO,fasilitas_pelayanan_kesehatan_tingkat_pertama_klink_pratama_rawat_jalan_p,52244.0
5,,KOTA PROBOLINGGO,fasilitas_pelayanan_kesehatan_tingkat_pertama_klink_pratama_rawat_jalan_l_+_p,97994.0
5,,KOTA PROBOLINGGO,fasilitas_pelayanan_kesehatan_tingkat_pertama_klink_pratama_rawat_inap_l,0.0
5,,KOTA PROBOLINGGO,fasilitas_pelayanan_kesehatan_tingkat_pertama_klink_pratama_rawat_inap_p,0.0
5,,KOTA PROBOLINGGO,fasilitas_pelayanan_kesehatan_tingkat_pertama_klink_pratama_rawat_inap_l_+_p,0.0
5,,KOTA PROBOLINGGO,fasilitas_pelayanan_kesehatan_tingkat_pertama_klink_pratama_gangguan_jiwa_l_+_p,0.0
5,,KOTA PASURUAN,fasilitas_pelayanan_kesehatan_tingkat_pertama_klink_pratama_rawat_jalan_l,71503.0
5,,KOTA PASURUAN,fasilitas_pelayanan_kesehatan_tingkat_pertama_klink_pratama_rawat_jalan_p,79762.0
5,,KOTA PASURUAN,fasilitas_pelayanan_kesehatan_tingkat_pertama_klink_pratama_rawat_jalan_l_+_p,151265.0
5,,KOTA PASURUAN,fasilitas_pelayanan_kesehatan_tingkat_pertama_klink_pratama_rawat_inap_l,1197.0
5,,KOTA PASURUAN,fasilitas_pelayanan_kesehatan_tingkat_pertama_klink_pratama_rawat_inap_p,1672.0
5,,KOTA PASURUAN,fasilitas_pelayanan_kesehatan_tingkat_pertama_klink_pratama_rawat_inap_l_+_p,2869.0
5,,KOTA PASURUAN,fasilitas_pelayanan_kesehatan_tingkat_pertama_klink_pratama_gangguan_jiwa_l,0.0
5,,KOTA PASURUAN,fasilitas_pelayanan_kesehatan_tingkat_pertama_klink_pratama_gangguan_jiwa_p,2.0
5,,KOTA PASURUAN,fasilitas_pelayanan_kesehatan_tingkat_pertama_klink_pratama_gangguan_jiwa_l_+_p,2.0
5,,KOTA MOJOKERTO,fasilitas_pelayanan_kesehatan_tingkat_pertama_klink_pratama_rawat_jalan_l,50932.0
5,,KOTA MOJOKERTO,fasilitas_pelayanan_kesehatan_tingkat_pertama_klink_pratama_rawat_jalan_p,69568.0
5,,KOTA MOJOKERTO,fasilitas_pelayanan_kesehatan_tingkat_pertama_klink_pratama_rawat_jalan_l_+_p,120500.0
5,,KOTA MOJOKERTO,fasilitas_pelayanan_kesehatan_tingkat_pertama_klink_pratama_rawat_inap_l,79.0
5,,KOTA MOJOKERTO,fasilitas_pelayanan_kesehatan_tingkat_pertama_klink_pratama_rawat_inap_p,75.0
5,,KOTA MOJOKERTO,fasilitas_pelayanan_kesehatan_tingkat_pertama_klink_pratama_rawat_inap_l_+_p,154.0
5,,KOTA MOJOKERTO,fasilitas_pelayanan_kesehatan_tingkat_pertama_klink_pratama_gangguan_jiwa_l,0.0
5,,KOTA MOJOKERTO,fasilitas_pelayanan_kesehatan_tingkat_pertama_klink_pratama_gangguan_jiwa_p,1.0
5,,KOTA MOJOKERTO,fasilitas_pelayanan_kesehatan_tingkat_pertama_klink_pratama_gangguan_jiwa_l_+_p,1.0
5,,KOTA MADIUN,fasilitas_pelayanan_kesehatan_tingkat_pertama_klink_pratama_rawat_jalan_l,62728.0
5,,KOTA MADIUN,fasilitas_pelayanan_kesehatan_tingkat_pertama_klink_pratama_rawat_jalan_p,119002.0
5,,KOTA MADIUN,fasilitas_pelayanan_kesehatan_tingkat_pertama_klink_pratama_rawat_jalan_l_+_p,181730.0
5,,KOTA MADIUN,fasilitas_pelayanan_kesehatan_tingkat_pertama_klink_pratama_rawat_inap_l,0.0
5,,KOTA MADIUN,fasilitas_pelayanan_kesehatan_tingkat_pertama_klink_pratama_rawat_inap_p,0.0
5,,KOTA MADIUN,fasilitas_pelayanan_kesehatan_tingkat_pertama_klink_pratama_rawat_inap_l_+_p,0.0
5,,KOTA MADIUN,fasilitas_pelayanan_kesehatan_tingkat_pertama_klink_pratama_gangguan_jiwa_l,58.0
5,,KOTA MADIUN,fasilitas_pelayanan_kesehatan_tingkat_pertama_klink_pratama_gangguan_jiwa_p,37.0
5,,KOTA MADIUN,fasilitas_pelayanan_kesehatan_tingkat_pertama_klink_pratama_gangguan_jiwa_l_+_p,95.0
5,,KOTA SURABAYA,fasilitas_pelayanan_kesehatan_tingkat_pertama_klink_pratama_rawat_jalan_l,227135.0
5,,KOTA SURABAYA,fasilitas_pelayanan_kesehatan_tingkat_pertama_klink_pratama_rawat_jalan_p,273610.0
5,,KOTA SURABAYA,fasilitas_pelayanan_kesehatan_tingkat_pertama_klink_pratama_rawat_jalan_l_+_p,500745.0
5,,KOTA SURABAYA,fasilitas_pelayanan_kesehatan_tingkat_pertama_klink_pratama_rawat_inap_l,1122.0
5,,KOTA SURABAYA,fasilitas_pelayanan_kesehatan_tingkat_pertama_klink_pratama_rawat_inap_p,1137.0
5,,KOTA SURABAYA,fasilitas_pelayanan_kesehatan_tingkat_pertama_klink_pratama_rawat_inap_l_+_p,2259.0
5,,KOTA SURABAYA,fasilitas_pelayanan_kesehatan_tingkat_pertama_klink_pratama_gangguan_jiwa_l,2028.0
5,,KOTA SURABAYA,fasilitas_pelayanan_kesehatan_tingkat_pertama_klink_pratama_gangguan_jiwa_p,1650.0
5,,KOTA SURABAYA,fasilitas_pelayanan_kesehatan_tingkat_pertama_klink_pratama_gangguan_jiwa_l_+_p,3678.0
5,,KOTA BATU,fasilitas_pelayanan_kesehatan_tingkat_pertama_klink_pratama_rawat_jalan_l,14094.0
5,,KOTA BATU,fasilitas_pelayanan_kesehatan_tingkat_pertama_klink_pratama_rawat_jalan_p,24270.0
5,,KOTA BATU,fasilitas_pelayanan_kesehatan_tingkat_pertama_klink_pratama_rawat_jalan_l_+_p,38364.0
5,,KOTA BATU,fasilitas_pelayanan_kesehatan_tingkat_pertama_klink_pratama_rawat_inap_l,0.0
5,,KOTA BATU,fasilitas_pelayanan_kesehatan_tingkat_pertama_klink_pratama_rawat_inap_p,0.0
5,,KOTA BATU,fasilitas_pelayanan_kesehatan_tingkat_pertama_klink_pratama_rawat_inap_l_+_p,0.0
5,,KOTA BATU,fasilitas_pelayanan_kesehatan_tingkat_pertama_klink_pratama_gangguan_jiwa_l,9.0
5,,KOTA BATU,fasilitas_pelayanan_kesehatan_tingkat_pertama_klink_pratama_gangguan_jiwa_p,16.0
5,,KOTA BATU,fasilitas_pelayanan_kesehatan_tingkat_pertama_klink_pratama_gangguan_jiwa_l_+_p,25.0
5,,KAB. PACITAN,fasilitas_pelayanan_kesehatan_tingkat_pertama_praktik_mandiri_dokter_rawat_jalan_l,15406.0
5,,KAB. PACITAN,fasilitas_pelayanan_kesehatan_tingkat_pertama_praktik_mandiri_dokter_rawat_jalan_p,19787.0
5,,KAB. PACITAN,fasilitas_pelayanan_kesehatan_tingkat_pertama_praktik_mandiri_dokter_rawat_jalan_l_+_p,35193.0
5,,KAB. PACITAN,fasilitas_pelayanan_kesehatan_tingkat_pertama_praktik_mandiri_dokter_rawat_inap_l,0.0
5,,KAB. PACITAN,fasilitas_pelayanan_kesehatan_tingkat_pertama_praktik_mandiri_dokter_rawat_inap_p,0.0
5,,KAB. PACITAN,fasilitas_pelayanan_kesehatan_tingkat_pertama_praktik_mandiri_dokter_rawat_inap_l_+_p,0.0
5,,KAB. PACITAN,fasilitas_pelayanan_kesehatan_tingkat_pertama_praktik_mandiri_dokter_gangguan_jiwa_l_+_p,0.0
5,,KAB. PONOROGO,fasilitas_pelayanan_kesehatan_tingkat_pertama_praktik_mandiri_dokter_rawat_jalan_l,41140.0
5,,KAB. PONOROGO,fasilitas_pelayanan_kesehatan_tingkat_pertama_praktik_mandiri_dokter_rawat_jalan_p,42074.0
5,,KAB. PONOROGO,fasilitas_pelayanan_kesehatan_tingkat_pertama_praktik_mandiri_dokter_rawat_jalan_l_+_p,83214.0
5,,KAB. PONOROGO,fasilitas_pelayanan_kesehatan_tingkat_pertama_praktik_mandiri_dokter_rawat_inap_l,0.0
5,,KAB. PONOROGO,fasilitas_pelayanan_kesehatan_tingkat_pertama_praktik_mandiri_dokter_rawat_inap_p,0.0
5,,KAB. PONOROGO,fasilitas_pelayanan_kesehatan_tingkat_pertama_praktik_mandiri_dokter_rawat_inap_l_+_p,0.0
5,,KAB. PONOROGO,fasilitas_pelayanan_kesehatan_tingkat_pertama_praktik_mandiri_dokter_gangguan_jiwa_l,2598.0
5,,KAB. PONOROGO,fasilitas_pelayanan_kesehatan_tingkat_pertama_praktik_mandiri_dokter_gangguan_jiwa_p,4350.0
5,,KAB. PONOROGO,fasilitas_pelayanan_kesehatan_tingkat_pertama_praktik_mandiri_dokter_gangguan_jiwa_l_+_p,6948.0
5,,KAB. TRENGGALEK,fasilitas_pelayanan_kesehatan_tingkat_pertama_praktik_mandiri_dokter_gangguan_jiwa_l_+_p,0.0
5,,KAB. TULUNGAGUNG,fasilitas_pelayanan_kesehatan_tingkat_pertama_praktik_mandiri_dokter_rawat_jalan_l,34039.0
5,,KAB. TULUNGAGUNG,fasilitas_pelayanan_kesehatan_tingkat_pertama_praktik_mandiri_dokter_rawat_jalan_p,49820.0
5,,KAB. TULUNGAGUNG,fasilitas_pelayanan_kesehatan_tingkat_pertama_praktik_mandiri_dokter_rawat_jalan_l_+_p,83859.0
5,,KAB. TULUNGAGUNG,fasilitas_pelayanan_kesehatan_tingkat_pertama_praktik_mandiri_dokter_rawat_inap_l,0.0
5,,KAB. TULUNGAGUNG,fasilitas_pelayanan_kesehatan_tingkat_pertama_praktik_mandiri_dokter_rawat_inap_p,0.0
5,,KAB. TULUNGAGUNG,fasilitas_pelayanan_kesehatan_tingkat_pertama_praktik_mandiri_dokter_rawat_inap_l_+_p,0.0
5,,KAB. TULUNGAGUNG,fasilitas_pelayanan_kesehatan_tingkat_pertama_praktik_mandiri_dokter_gangguan_jiwa_l,0.0
5,,KAB. TULUNGAGUNG,fasilitas_pelayanan_kesehatan_tingkat_pertama_praktik_mandiri_dokter_gangguan_jiwa_p,3.0
5,,KAB. TULUNGAGUNG,fasilitas_pelayanan_kesehatan_tingkat_pertama_praktik_mandiri_dokter_gangguan_jiwa_l_+_p,3.0
5,,KAB. BLITAR,fasilitas_pelayanan_kesehatan_tingkat_pertama_praktik_mandiri_dokter_rawat_jalan_l,96404.0
5,,KAB. BLITAR,fasilitas_pelayanan_kesehatan_tingkat_pertama_praktik_mandiri_dokter_rawat_jalan_p,105855.0
5,,KAB. BLITAR,fasilitas_pelayanan_kesehatan_tingkat_pertama_praktik_mandiri_dokter_rawat_jalan_l_+_p,202259.0
5,,KAB. BLITAR,fasilitas_pelayanan_kesehatan_tingkat_pertama_praktik_mandiri_dokter_rawat_inap_l,0.0
5,,KAB. BLITAR,fasilitas_pelayanan_kesehatan_tingkat_pertama_praktik_mandiri_dokter_rawat_inap_p,0.0
5,,KAB. BLITAR,fasilitas_pelayanan_kesehatan_tingkat_pertama_praktik_mandiri_dokter_rawat_inap_l_+_p,0.0
5,,KAB. BLITAR,fasilitas_pelayanan_kesehatan_tingkat_pertama_praktik_mandiri_dokter_gangguan_jiwa_l_+_p,0.0
5,,KAB. KEDIRI,fasilitas_pelayanan_kesehatan_tingkat_pertama_praktik_mandiri_dokter_rawat_jalan_l,87778.0
5,,KAB. KEDIRI,fasilitas_pelayanan_kesehatan_tingkat_pertama_praktik_mandiri_dokter_rawat_jalan_p,106519.0
5,,KAB. KEDIRI,fasilitas_pelayanan_kesehatan_tingkat_pertama_praktik_mandiri_dokter_rawat_jalan_l_+_p,194297.0
5,,KAB. KEDIRI,fasilitas_pelayanan_kesehatan_tingkat_pertama_praktik_mandiri_dokter_rawat_inap_l,0.0
5,,KAB. KEDIRI,fasilitas_pelayanan_kesehatan_tingkat_pertama_praktik_mandiri_dokter_rawat_inap_p,0.0
5,,KAB. KEDIRI,fasilitas_pelayanan_kesehatan_tingkat_pertama_praktik_mandiri_dokter_rawat_inap_l_+_p,0.0
5,,KAB. KEDIRI,fasilitas_pelayanan_kesehatan_tingkat_pertama_praktik_mandiri_dokter_gangguan_jiwa_l,74.0
5,,KAB. KEDIRI,fasilitas_pelayanan_kesehatan_tingkat_pertama_praktik_mandiri_dokter_gangguan_jiwa_p,82.0
5,,KAB. KEDIRI,fasilitas_pelayanan_kesehatan_tingkat_pertama_praktik_mandiri_dokter_gangguan_jiwa_l_+_p,156.0
5,,KAB. MALANG,fasilitas_pelayanan_kesehatan_tingkat_pertama_praktik_mandiri_dokter_rawat_jalan_l,1776.0
5,,KAB. MALANG,fasilitas_pelayanan_kesehatan_tingkat_pertama_praktik_mandiri_dokter_rawat_jalan_p,2021.0
5,,KAB. MALANG,fasilitas_pelayanan_kesehatan_tingkat_pertama_praktik_mandiri_dokter_rawat_jalan_l_+_p,3797.0
5,,KAB. MALANG,fasilitas_pelayanan_kesehatan_tingkat_pertama_praktik_mandiri_dokter_rawat_inap_l,0.0
5,,KAB. MALANG,fasilitas_pelayanan_kesehatan_tingkat_pertama_praktik_mandiri_dokter_rawat_inap_p,0.0
5,,KAB. MALANG,fasilitas_pelayanan_kesehatan_tingkat_pertama_praktik_mandiri_dokter_rawat_inap_l_+_p,0.0
5,,KAB. MALANG,fasilitas_pelayanan_kesehatan_tingkat_pertama_praktik_mandiri_dokter_gangguan_jiwa_l_+_p,0.0
5,,KAB. LUMAJANG,fasilitas_pelayanan_kesehatan_tingkat_pertama_praktik_mandiri_dokter_rawat_jalan_l,43171.0
5,,KAB. LUMAJANG,fasilitas_pelayanan_kesehatan_tingkat_pertama_praktik_mandiri_dokter_rawat_jalan_p,50838.0
5,,KAB. LUMAJANG,fasilitas_pelayanan_kesehatan_tingkat_pertama_praktik_mandiri_dokter_rawat_jalan_l_+_p,94009.0
5,,KAB. LUMAJANG,fasilitas_pelayanan_kesehatan_tingkat_pertama_praktik_mandiri_dokter_gangguan_jiwa_l_+_p,0.0
5,,KAB. JEMBER,fasilitas_pelayanan_kesehatan_tingkat_pertama_praktik_mandiri_dokter_gangguan_jiwa_l_+_p,0.0
5,,KAB. BANYUWANGI,fasilitas_pelayanan_kesehatan_tingkat_pertama_praktik_mandiri_dokter_rawat_jalan_l,8477.0
5,,KAB. BANYUWANGI,fasilitas_pelayanan_kesehatan_tingkat_pertama_praktik_mandiri_dokter_rawat_jalan_p,9599.0
5,,KAB. BANYUWANGI,fasilitas_pelayanan_kesehatan_tingkat_pertama_praktik_mandiri_dokter_rawat_jalan_l_+_p,18076.0
5,,KAB. BANYUWANGI,fasilitas_pelayanan_kesehatan_tingkat_pertama_praktik_mandiri_dokter_rawat_inap_l,0.0
5,,KAB. BANYUWANGI,fasilitas_pelayanan_kesehatan_tingkat_pertama_praktik_mandiri_dokter_rawat_inap_p,0.0
5,,KAB. BANYUWANGI,fasilitas_pelayanan_kesehatan_tingkat_pertama_praktik_mandiri_dokter_rawat_inap_l_+_p,0.0
5,,KAB. BANYUWANGI,fasilitas_pelayanan_kesehatan_tingkat_pertama_praktik_mandiri_dokter_gangguan_jiwa_l_+_p,0.0
5,,KAB. BONDOWOSO,fasilitas_pelayanan_kesehatan_tingkat_pertama_praktik_mandiri_dokter_rawat_jalan_l,5316.0
5,,KAB. BONDOWOSO,fasilitas_pelayanan_kesehatan_tingkat_pertama_praktik_mandiri_dokter_rawat_jalan_p,7032.0
5,,KAB. BONDOWOSO,fasilitas_pelayanan_kesehatan_tingkat_pertama_praktik_mandiri_dokter_rawat_jalan_l_+_p,12347.0
5,,KAB. BONDOWOSO,fasilitas_pelayanan_kesehatan_tingkat_pertama_praktik_mandiri_dokter_rawat_inap_l,0.0
5,,KAB. BONDOWOSO,fasilitas_pelayanan_kesehatan_tingkat_pertama_praktik_mandiri_dokter_rawat_inap_p,0.0
5,,KAB. BONDOWOSO,fasilitas_pelayanan_kesehatan_tingkat_pertama_praktik_mandiri_dokter_rawat_inap_l_+_p,0.0
5,,KAB. BONDOWOSO,fasilitas_pelayanan_kesehatan_tingkat_pertama_praktik_mandiri_dokter_gangguan_jiwa_l_+_p,0.0
5,,KAB. SITUBONDO,fasilitas_pelayanan_kesehatan_tingkat_pertama_praktik_mandiri_dokter_rawat_jalan_l,9730.0
5,,KAB. SITUBONDO,fasilitas_pelayanan_kesehatan_tingkat_pertama_praktik_mandiri_dokter_rawat_jalan_p,10549.0
5,,KAB. SITUBONDO,fasilitas_pelayanan_kesehatan_tingkat_pertama_praktik_mandiri_dokter_rawat_jalan_l_+_p,20279.0
5,,KAB. SITUBONDO,fasilitas_pelayanan_kesehatan_tingkat_pertama_praktik_mandiri_dokter_gangguan_jiwa_l_+_p,0.0
5,,KAB. PROBOLINGGO,fasilitas_pelayanan_kesehatan_tingkat_pertama_praktik_mandiri_dokter_rawat_jalan_l,3639.0
5,,KAB. PROBOLINGGO,fasilitas_pelayanan_kesehatan_tingkat_pertama_praktik_mandiri_dokter_rawat_jalan_p,4075.0
5,,KAB. PROBOLINGGO,fasilitas_pelayanan_kesehatan_tingkat_pertama_praktik_mandiri_dokter_rawat_jalan_l_+_p,7714.0
5,,KAB. PROBOLINGGO,fasilitas_pelayanan_kesehatan_tingkat_pertama_praktik_mandiri_dokter_gangguan_jiwa_l_+_p,0.0
5,,KAB. PASURUAN,fasilitas_pelayanan_kesehatan_tingkat_pertama_praktik_mandiri_dokter_gangguan_jiwa_l_+_p,0.0
5,,KAB. SIDOARJO,fasilitas_pelayanan_kesehatan_tingkat_pertama_praktik_mandiri_dokter_rawat_jalan_l,180153.0
5,,KAB. SIDOARJO,fasilitas_pelayanan_kesehatan_tingkat_pertama_praktik_mandiri_dokter_rawat_jalan_p,203567.0
5,,KAB. SIDOARJO,fasilitas_pelayanan_kesehatan_tingkat_pertama_praktik_mandiri_dokter_rawat_jalan_l_+_p,383720.0
5,,KAB. SIDOARJO,fasilitas_pelayanan_kesehatan_tingkat_pertama_praktik_mandiri_dokter_rawat_inap_l,0.0
5,,KAB. SIDOARJO,fasilitas_pelayanan_kesehatan_tingkat_pertama_praktik_mandiri_dokter_rawat_inap_p,0.0
5,,KAB. SIDOARJO,fasilitas_pelayanan_kesehatan_tingkat_pertama_praktik_mandiri_dokter_rawat_inap_l_+_p,0.0
5,,KAB. SIDOARJO,fasilitas_pelayanan_kesehatan_tingkat_pertama_praktik_mandiri_dokter_gangguan_jiwa_l_+_p,0.0
5,,KAB. MOJOKERTO,fasilitas_pelayanan_kesehatan_tingkat_pertama_praktik_mandiri_dokter_gangguan_jiwa_l_+_p,0.0
5,,KAB. JOMBANG,fasilitas_pelayanan_kesehatan_tingkat_pertama_praktik_mandiri_dokter_rawat_jalan_l,82821.0
5,,KAB. JOMBANG,fasilitas_pelayanan_kesehatan_tingkat_pertama_praktik_mandiri_dokter_rawat_jalan_p,97834.0
5,,KAB. JOMBANG,fasilitas_pelayanan_kesehatan_tingkat_pertama_praktik_mandiri_dokter_rawat_jalan_l_+_p,180655.0
5,,KAB. JOMBANG,fasilitas_pelayanan_kesehatan_tingkat_pertama_praktik_mandiri_dokter_rawat_inap_l,0.0
5,,KAB. JOMBANG,fasilitas_pelayanan_kesehatan_tingkat_pertama_praktik_mandiri_dokter_rawat_inap_p,0.0
5,,KAB. JOMBANG,fasilitas_pelayanan_kesehatan_tingkat_pertama_praktik_mandiri_dokter_rawat_inap_l_+_p,0.0
5,,KAB. JOMBANG,fasilitas_pelayanan_kesehatan_tingkat_pertama_praktik_mandiri_dokter_gangguan_jiwa_l_+_p,0.0
5,,KAB. NGANJUK,fasilitas_pelayanan_kesehatan_tingkat_pertama_praktik_mandiri_dokter_gangguan_jiwa_l_+_p,0.0
5,,KAB. MADIUN,fasilitas_pelayanan_kesehatan_tingkat_pertama_praktik_mandiri_dokter_gangguan_jiwa_l_+_p,0.0
5,,KAB. MAGETAN,fasilitas_pelayanan_kesehatan_tingkat_pertama_praktik_mandiri_dokter_rawat_jalan_l,14171.0
5,,KAB. MAGETAN,fasilitas_pelayanan_kesehatan_tingkat_pertama_praktik_mandiri_dokter_rawat_jalan_p,20289.0
5,,KAB. MAGETAN,fasilitas_pelayanan_kesehatan_tingkat_pertama_praktik_mandiri_dokter_rawat_jalan_l_+_p,34460.0
5,,KAB. MAGETAN,fasilitas_pelayanan_kesehatan_tingkat_pertama_praktik_mandiri_dokter_rawat_inap_l,0.0
5,,KAB. MAGETAN,fasilitas_pelayanan_kesehatan_tingkat_pertama_praktik_mandiri_dokter_rawat_inap_p,0.0
5,,KAB. MAGETAN,fasilitas_pelayanan_kesehatan_tingkat_pertama_praktik_mandiri_dokter_rawat_inap_l_+_p,0.0
5,,KAB. MAGETAN,fasilitas_pelayanan_kesehatan_tingkat_pertama_praktik_mandiri_dokter_gangguan_jiwa_l_+_p,0.0
5,,KAB. NGAWI,fasilitas_pelayanan_kesehatan_tingkat_pertama_praktik_mandiri_dokter_gangguan_jiwa_l_+_p,0.0
5,,KAB. BOJONEGORO,fasilitas_pelayanan_kesehatan_tingkat_pertama_praktik_mandiri_dokter_gangguan_jiwa_l_+_p,0.0
5,,KAB. TUBAN,fasilitas_pelayanan_kesehatan_tingkat_pertama_praktik_mandiri_dokter_rawat_jalan_l,15513.0
5,,KAB. TUBAN,fasilitas_pelayanan_kesehatan_tingkat_pertama_praktik_mandiri_dokter_rawat_jalan_p,19460.0
5,,KAB. TUBAN,fasilitas_pelayanan_kesehatan_tingkat_pertama_praktik_mandiri_dokter_rawat_jalan_l_+_p,34973.0
5,,KAB. TUBAN,fasilitas_pelayanan_kesehatan_tingkat_pertama_praktik_mandiri_dokter_rawat_inap_l,0.0
5,,KAB. TUBAN,fasilitas_pelayanan_kesehatan_tingkat_pertama_praktik_mandiri_dokter_rawat_inap_p,0.0
5,,KAB. TUBAN,fasilitas_pelayanan_kesehatan_tingkat_pertama_praktik_mandiri_dokter_rawat_inap_l_+_p,0.0
5,,KAB. TUBAN,fasilitas_pelayanan_kesehatan_tingkat_pertama_praktik_mandiri_dokter_gangguan_jiwa_l_+_p,0.0
5,,KAB. LAMONGAN,fasilitas_pelayanan_kesehatan_tingkat_pertama_praktik_mandiri_dokter_rawat_jalan_l,14511.0
5,,KAB. LAMONGAN,fasilitas_pelayanan_kesehatan_tingkat_pertama_praktik_mandiri_dokter_rawat_jalan_p,14976.0
5,,KAB. LAMONGAN,fasilitas_pelayanan_kesehatan_tingkat_pertama_praktik_mandiri_dokter_rawat_jalan_l_+_p,29487.0
5,,KAB. LAMONGAN,fasilitas_pelayanan_kesehatan_tingkat_pertama_praktik_mandiri_dokter_rawat_inap_l,0.0
5,,KAB. LAMONGAN,fasilitas_pelayanan_kesehatan_tingkat_pertama_praktik_mandiri_dokter_rawat_inap_p,0.0
5,,KAB. LAMONGAN,fasilitas_pelayanan_kesehatan_tingkat_pertama_praktik_mandiri_dokter_rawat_inap_l_+_p,0.0
5,,KAB. LAMONGAN,fasilitas_pelayanan_kesehatan_tingkat_pertama_praktik_mandiri_dokter_gangguan_jiwa_l_+_p,0.0
5,,KAB. GRESIK,fasilitas_pelayanan_kesehatan_tingkat_pertama_praktik_mandiri_dokter_gangguan_jiwa_l_+_p,0.0
5,,KAB. BANGKALAN,fasilitas_pelayanan_kesehatan_tingkat_pertama_praktik_mandiri_dokter_gangguan_jiwa_l_+_p,0.0
5,,KAB. SAMPANG,fasilitas_pelayanan_kesehatan_tingkat_pertama_praktik_mandiri_dokter_rawat_jalan_l,3786.0
5,,KAB. SAMPANG,fasilitas_pelayanan_kesehatan_tingkat_pertama_praktik_mandiri_dokter_rawat_jalan_p,4994.0
5,,KAB. SAMPANG,fasilitas_pelayanan_kesehatan_tingkat_pertama_praktik_mandiri_dokter_rawat_jalan_l_+_p,8780.0
5,,KAB. SAMPANG,fasilitas_pelayanan_kesehatan_tingkat_pertama_praktik_mandiri_dokter_rawat_inap_l,0.0
5,,KAB. SAMPANG,fasilitas_pelayanan_kesehatan_tingkat_pertama_praktik_mandiri_dokter_rawat_inap_p,0.0
5,,KAB. SAMPANG,fasilitas_pelayanan_kesehatan_tingkat_pertama_praktik_mandiri_dokter_rawat_inap_l_+_p,0.0
5,,KAB. SAMPANG,fasilitas_pelayanan_kesehatan_tingkat_pertama_praktik_mandiri_dokter_gangguan_jiwa_l_+_p,0.0
5,,KAB. PAMEKASAN,fasilitas_pelayanan_kesehatan_tingkat_pertama_praktik_mandiri_dokter_rawat_jalan_l,19388.0
5,,KAB. PAMEKASAN,fasilitas_pelayanan_kesehatan_tingkat_pertama_praktik_mandiri_dokter_rawat_jalan_p,25151.0
5,,KAB. PAMEKASAN,fasilitas_pelayanan_kesehatan_tingkat_pertama_praktik_mandiri_dokter_rawat_jalan_l_+_p,44539.0
5,,KAB. PAMEKASAN,fasilitas_pelayanan_kesehatan_tingkat_pertama_praktik_mandiri_dokter_rawat_inap_l,0.0
5,,KAB. PAMEKASAN,fasilitas_pelayanan_kesehatan_tingkat_pertama_praktik_mandiri_dokter_rawat_inap_p,0.0
5,,KAB. PAMEKASAN,fasilitas_pelayanan_kesehatan_tingkat_pertama_praktik_mandiri_dokter_rawat_inap_l_+_p,0.0
5,,KAB. PAMEKASAN,fasilitas_pelayanan_kesehatan_tingkat_pertama_praktik_mandiri_dokter_gangguan_jiwa_l_+_p,0.0
5,,KAB. SUMENEP,fasilitas_pelayanan_kesehatan_tingkat_pertama_praktik_mandiri_dokter_rawat_jalan_l,8329.0
5,,KAB. SUMENEP,fasilitas_pelayanan_kesehatan_tingkat_pertama_praktik_mandiri_dokter_rawat_jalan_p,10235.0
5,,KAB. SUMENEP,fasilitas_pelayanan_kesehatan_tingkat_pertama_praktik_mandiri_dokter_rawat_jalan_l_+_p,18564.0
5,,KAB. SUMENEP,fasilitas_pelayanan_kesehatan_tingkat_pertama_praktik_mandiri_dokter_gangguan_jiwa_l_+_p,0.0
5,,KOTA KEDIRI,fasilitas_pelayanan_kesehatan_tingkat_pertama_praktik_mandiri_dokter_gangguan_jiwa_l_+_p,0.0
5,,KOTA BLITAR,fasilitas_pelayanan_kesehatan_tingkat_pertama_praktik_mandiri_dokter_gangguan_jiwa_l_+_p,0.0
5,,KOTA MALANG,fasilitas_pelayanan_kesehatan_tingkat_pertama_praktik_mandiri_dokter_gangguan_jiwa_l_+_p,0.0
5,,KOTA PROBOLINGGO,fasilitas_pelayanan_kesehatan_tingkat_pertama_praktik_mandiri_dokter_gangguan_jiwa_l_+_p,0.0
5,,KOTA PASURUAN,fasilitas_pelayanan_kesehatan_tingkat_pertama_praktik_mandiri_dokter_rawat_jalan_l,16674.0
5,,KOTA PASURUAN,fasilitas_pelayanan_kesehatan_tingkat_pertama_praktik_mandiri_dokter_rawat_jalan_p,22253.0
5,,KOTA PASURUAN,fasilitas_pelayanan_kesehatan_tingkat_pertama_praktik_mandiri_dokter_rawat_jalan_l_+_p,38927.0
5,,KOTA PASURUAN,fasilitas_pelayanan_kesehatan_tingkat_pertama_praktik_mandiri_dokter_rawat_inap_l,0.0
5,,KOTA PASURUAN,fasilitas_pelayanan_kesehatan_tingkat_pertama_praktik_mandiri_dokter_rawat_inap_p,0.0
5,,KOTA PASURUAN,fasilitas_pelayanan_kesehatan_tingkat_pertama_praktik_mandiri_dokter_rawat_inap_l_+_p,0.0
5,,KOTA PASURUAN,fasilitas_pelayanan_kesehatan_tingkat_pertama_praktik_mandiri_dokter_gangguan_jiwa_l,0.0
5,,KOTA PASURUAN,fasilitas_pelayanan_kesehatan_tingkat_pertama_praktik_mandiri_dokter_gangguan_jiwa_p,1.0
5,,KOTA PASURUAN,fasilitas_pelayanan_kesehatan_tingkat_pertama_praktik_mandiri_dokter_gangguan_jiwa_l_+_p,1.0
5,,KOTA MOJOKERTO,fasilitas_pelayanan_kesehatan_tingkat_pertama_praktik_mandiri_dokter_rawat_jalan_l,6284.0
5,,KOTA MOJOKERTO,fasilitas_pelayanan_kesehatan_tingkat_pertama_praktik_mandiri_dokter_rawat_jalan_p,7720.0
5,,KOTA MOJOKERTO,fasilitas_pelayanan_kesehatan_tingkat_pertama_praktik_mandiri_dokter_rawat_jalan_l_+_p,14004.0
5,,KOTA MOJOKERTO,fasilitas_pelayanan_kesehatan_tingkat_pertama_praktik_mandiri_dokter_rawat_inap_l,0.0
5,,KOTA MOJOKERTO,fasilitas_pelayanan_kesehatan_tingkat_pertama_praktik_mandiri_dokter_rawat_inap_p,0.0
5,,KOTA MOJOKERTO,fasilitas_pelayanan_kesehatan_tingkat_pertama_praktik_mandiri_dokter_rawat_inap_l_+_p,0.0
5,,KOTA MOJOKERTO,fasilitas_pelayanan_kesehatan_tingkat_pertama_praktik_mandiri_dokter_gangguan_jiwa_l_+_p,0.0
5,,KOTA MADIUN,fasilitas_pelayanan_kesehatan_tingkat_pertama_praktik_mandiri_dokter_rawat_jalan_l,3591.0
5,,KOTA MADIUN,fasilitas_pelayanan_kesehatan_tingkat_pertama_praktik_mandiri_dokter_rawat_jalan_p,4087.0
5,,KOTA MADIUN,fasilitas_pelayanan_kesehatan_tingkat_pertama_praktik_mandiri_dokter_rawat_jalan_l_+_p,7678.0
5,,KOTA MADIUN,fasilitas_pelayanan_kesehatan_tingkat_pertama_praktik_mandiri_dokter_rawat_inap_l,0.0
5,,KOTA MADIUN,fasilitas_pelayanan_kesehatan_tingkat_pertama_praktik_mandiri_dokter_rawat_inap_p,0.0
5,,KOTA MADIUN,fasilitas_pelayanan_kesehatan_tingkat_pertama_praktik_mandiri_dokter_rawat_inap_l_+_p,0.0
5,,KOTA MADIUN,fasilitas_pelayanan_kesehatan_tingkat_pertama_praktik_mandiri_dokter_gangguan_jiwa_l_+_p,0.0
5,,KOTA SURABAYA,fasilitas_pelayanan_kesehatan_tingkat_pertama_praktik_mandiri_dokter_rawat_jalan_l,22555.0
5,,KOTA SURABAYA,fasilitas_pelayanan_kesehatan_tingkat_pertama_praktik_mandiri_dokter_rawat_jalan_p,29261.0
5,,KOTA SURABAYA,fasilitas_pelayanan_kesehatan_tingkat_pertama_praktik_mandiri_dokter_rawat_jalan_l_+_p,51816.0
5,,KOTA SURABAYA,fasilitas_pelayanan_kesehatan_tingkat_pertama_praktik_mandiri_dokter_rawat_inap_l,0.0
5,,KOTA SURABAYA,fasilitas_pelayanan_kesehatan_tingkat_pertama_praktik_mandiri_dokter_rawat_inap_p,0.0
5,,KOTA SURABAYA,fasilitas_pelayanan_kesehatan_tingkat_pertama_praktik_mandiri_dokter_rawat_inap_l_+_p,0.0
5,,KOTA SURABAYA,fasilitas_pelayanan_kesehatan_tingkat_pertama_praktik_mandiri_dokter_gangguan_jiwa_l_+_p,0.0
5,,KOTA BATU,fasilitas_pelayanan_kesehatan_tingkat_pertama_praktik_mandiri_dokter_rawat_jalan_l,0.0
5,,KOTA BATU,fasilitas_pelayanan_kesehatan_tingkat_pertama_praktik_mandiri_dokter_rawat_jalan_p,0.0
5,,KOTA BATU,fasilitas_pelayanan_kesehatan_tingkat_pertama_praktik_mandiri_dokter_rawat_jalan_l_+_p,32007.0
5,,KOTA BATU,fasilitas_pelayanan_kesehatan_tingkat_pertama_praktik_mandiri_dokter_rawat_inap_l,0.0
5,,KOTA BATU,fasilitas_pelayanan_kesehatan_tingkat_pertama_praktik_mandiri_dokter_rawat_inap_p,0.0
5,,KOTA BATU,fasilitas_pelayanan_kesehatan_tingkat_pertama_praktik_mandiri_dokter_rawat_inap_l_+_p,0.0
5,,KOTA BATU,fasilitas_pelayanan_kesehatan_tingkat_pertama_praktik_mandiri_dokter_gangguan_jiwa_l,0.0
5,,KOTA BATU,fasilitas_pelayanan_kesehatan_tingkat_pertama_praktik_mandiri_dokter_gangguan_jiwa_p,0.0
5,,KOTA BATU,fasilitas_pelayanan_kesehatan_tingkat_pertama_praktik_mandiri_dokter_gangguan_jiwa_l_+_p,0.0
5,,KAB. PACITAN,fasilitas_pelayanan_kesehatan_tingkat_pertama_praktik_mandiri_dokter_gigi_rawat_jalan_l,1570.0
5,,KAB. PACITAN,fasilitas_pelayanan_kesehatan_tingkat_pertama_praktik_mandiri_dokter_gigi_rawat_jalan_p,2110.0
5,,KAB. PACITAN,fasilitas_pelayanan_kesehatan_tingkat_pertama_praktik_mandiri_dokter_gigi_rawat_jalan_l_+_p,3680.0
5,,KAB. PACITAN,fasilitas_pelayanan_kesehatan_tingkat_pertama_praktik_mandiri_dokter_gigi_rawat_inap_l,0.0
5,,KAB. PACITAN,fasilitas_pelayanan_kesehatan_tingkat_pertama_praktik_mandiri_dokter_gigi_rawat_inap_p,0.0
5,,KAB. PACITAN,fasilitas_pelayanan_kesehatan_tingkat_pertama_praktik_mandiri_dokter_gigi_rawat_inap_l_+_p,0.0
5,,KAB. PACITAN,fasilitas_pelayanan_kesehatan_tingkat_pertama_praktik_mandiri_dokter_gigi_gangguan_jiwa_l_+_p,0.0
5,,KAB. PONOROGO,fasilitas_pelayanan_kesehatan_tingkat_pertama_praktik_mandiri_dokter_gigi_rawat_jalan_l,12181.0
5,,KAB. PONOROGO,fasilitas_pelayanan_kesehatan_tingkat_pertama_praktik_mandiri_dokter_gigi_rawat_jalan_p,13333.0
5,,KAB. PONOROGO,fasilitas_pelayanan_kesehatan_tingkat_pertama_praktik_mandiri_dokter_gigi_rawat_jalan_l_+_p,25514.0
5,,KAB. PONOROGO,fasilitas_pelayanan_kesehatan_tingkat_pertama_praktik_mandiri_dokter_gigi_rawat_inap_l,0.0
5,,KAB. PONOROGO,fasilitas_pelayanan_kesehatan_tingkat_pertama_praktik_mandiri_dokter_gigi_rawat_inap_p,0.0
5,,KAB. PONOROGO,fasilitas_pelayanan_kesehatan_tingkat_pertama_praktik_mandiri_dokter_gigi_rawat_inap_l_+_p,0.0
5,,KAB. PONOROGO,fasilitas_pelayanan_kesehatan_tingkat_pertama_praktik_mandiri_dokter_gigi_gangguan_jiwa_l_+_p,0.0
5,,KAB. TRENGGALEK,fasilitas_pelayanan_kesehatan_tingkat_pertama_praktik_mandiri_dokter_gigi_gangguan_jiwa_l_+_p,0.0
5,,KAB. TULUNGAGUNG,fasilitas_pelayanan_kesehatan_tingkat_pertama_praktik_mandiri_dokter_gigi_rawat_jalan_l,5800.0
5,,KAB. TULUNGAGUNG,fasilitas_pelayanan_kesehatan_tingkat_pertama_praktik_mandiri_dokter_gigi_rawat_jalan_p,5752.0
5,,KAB. TULUNGAGUNG,fasilitas_pelayanan_kesehatan_tingkat_pertama_praktik_mandiri_dokter_gigi_rawat_jalan_l_+_p,11552.0
5,,KAB. TULUNGAGUNG,fasilitas_pelayanan_kesehatan_tingkat_pertama_praktik_mandiri_dokter_gigi_gangguan_jiwa_l_+_p,0.0
5,,KAB. BLITAR,fasilitas_pelayanan_kesehatan_tingkat_pertama_praktik_mandiri_dokter_gigi_rawat_jalan_l,16508.0
5,,KAB. BLITAR,fasilitas_pelayanan_kesehatan_tingkat_pertama_praktik_mandiri_dokter_gigi_rawat_jalan_p,21550.0
5,,KAB. BLITAR,fasilitas_pelayanan_kesehatan_tingkat_pertama_praktik_mandiri_dokter_gigi_rawat_jalan_l_+_p,38058.0
5,,KAB. BLITAR,fasilitas_pelayanan_kesehatan_tingkat_pertama_praktik_mandiri_dokter_gigi_rawat_inap_l,0.0
5,,KAB. BLITAR,fasilitas_pelayanan_kesehatan_tingkat_pertama_praktik_mandiri_dokter_gigi_rawat_inap_p,0.0
5,,KAB. BLITAR,fasilitas_pelayanan_kesehatan_tingkat_pertama_praktik_mandiri_dokter_gigi_rawat_inap_l_+_p,0.0
5,,KAB. BLITAR,fasilitas_pelayanan_kesehatan_tingkat_pertama_praktik_mandiri_dokter_gigi_gangguan_jiwa_l_+_p,0.0
5,,KAB. KEDIRI,fasilitas_pelayanan_kesehatan_tingkat_pertama_praktik_mandiri_dokter_gigi_rawat_jalan_l,6450.0
5,,KAB. KEDIRI,fasilitas_pelayanan_kesehatan_tingkat_pertama_praktik_mandiri_dokter_gigi_rawat_jalan_p,10377.0
5,,KAB. KEDIRI,fasilitas_pelayanan_kesehatan_tingkat_pertama_praktik_mandiri_dokter_gigi_rawat_jalan_l_+_p,16827.0
5,,KAB. KEDIRI,fasilitas_pelayanan_kesehatan_tingkat_pertama_praktik_mandiri_dokter_gigi_rawat_inap_l,0.0
5,,KAB. KEDIRI,fasilitas_pelayanan_kesehatan_tingkat_pertama_praktik_mandiri_dokter_gigi_rawat_inap_p,0.0
5,,KAB. KEDIRI,fasilitas_pelayanan_kesehatan_tingkat_pertama_praktik_mandiri_dokter_gigi_rawat_inap_l_+_p,0.0
5,,KAB. KEDIRI,fasilitas_pelayanan_kesehatan_tingkat_pertama_praktik_mandiri_dokter_gigi_gangguan_jiwa_l_+_p,0.0
5,,KAB. MALANG,fasilitas_pelayanan_kesehatan_tingkat_pertama_praktik_mandiri_dokter_gigi_rawat_jalan_l,475.0
5,,KAB. MALANG,fasilitas_pelayanan_kesehatan_tingkat_pertama_praktik_mandiri_dokter_gigi_rawat_jalan_p,729.0
5,,KAB. MALANG,fasilitas_pelayanan_kesehatan_tingkat_pertama_praktik_mandiri_dokter_gigi_rawat_jalan_l_+_p,1204.0
5,,KAB. MALANG,fasilitas_pelayanan_kesehatan_tingkat_pertama_praktik_mandiri_dokter_gigi_rawat_inap_l,0.0
5,,KAB. MALANG,fasilitas_pelayanan_kesehatan_tingkat_pertama_praktik_mandiri_dokter_gigi_rawat_inap_p,0.0
5,,KAB. MALANG,fasilitas_pelayanan_kesehatan_tingkat_pertama_praktik_mandiri_dokter_gigi_rawat_inap_l_+_p,0.0
5,,KAB. MALANG,fasilitas_pelayanan_kesehatan_tingkat_pertama_praktik_mandiri_dokter_gigi_gangguan_jiwa_l_+_p,0.0
5,,KAB. LUMAJANG,fasilitas_pelayanan_kesehatan_tingkat_pertama_praktik_mandiri_dokter_gigi_rawat_jalan_l,6676.0
5,,KAB. LUMAJANG,fasilitas_pelayanan_kesehatan_tingkat_pertama_praktik_mandiri_dokter_gigi_rawat_jalan_p,11334.0
5,,KAB. LUMAJANG,fasilitas_pelayanan_kesehatan_tingkat_pertama_praktik_mandiri_dokter_gigi_rawat_jalan_l_+_p,18010.0
5,,KAB. LUMAJANG,fasilitas_pelayanan_kesehatan_tingkat_pertama_praktik_mandiri_dokter_gigi_gangguan_jiwa_l_+_p,0.0
5,,KAB. JEMBER,fasilitas_pelayanan_kesehatan_tingkat_pertama_praktik_mandiri_dokter_gigi_gangguan_jiwa_l_+_p,0.0
5,,KAB. BANYUWANGI,fasilitas_pelayanan_kesehatan_tingkat_pertama_praktik_mandiri_dokter_gigi_rawat_jalan_l,7614.0
5,,KAB. BANYUWANGI,fasilitas_pelayanan_kesehatan_tingkat_pertama_praktik_mandiri_dokter_gigi_rawat_jalan_p,9272.0
5,,KAB. BANYUWANGI,fasilitas_pelayanan_kesehatan_tingkat_pertama_praktik_mandiri_dokter_gigi_rawat_jalan_l_+_p,16886.0
5,,KAB. BANYUWANGI,fasilitas_pelayanan_kesehatan_tingkat_pertama_praktik_mandiri_dokter_gigi_rawat_inap_l,0.0
5,,KAB. BANYUWANGI,fasilitas_pelayanan_kesehatan_tingkat_pertama_praktik_mandiri_dokter_gigi_rawat_inap_p,0.0
5,,KAB. BANYUWANGI,fasilitas_pelayanan_kesehatan_tingkat_pertama_praktik_mandiri_dokter_gigi_rawat_inap_l_+_p,0.0
5,,KAB. BANYUWANGI,fasilitas_pelayanan_kesehatan_tingkat_pertama_praktik_mandiri_dokter_gigi_gangguan_jiwa_l_+_p,0.0
5,,KAB. BONDOWOSO,fasilitas_pelayanan_kesehatan_tingkat_pertama_praktik_mandiri_dokter_gigi_rawat_jalan_l,3047.0
5,,KAB. BONDOWOSO,fasilitas_pelayanan_kesehatan_tingkat_pertama_praktik_mandiri_dokter_gigi_rawat_jalan_p,4054.0
5,,KAB. BONDOWOSO,fasilitas_pelayanan_kesehatan_tingkat_pertama_praktik_mandiri_dokter_gigi_rawat_jalan_l_+_p,7101.0
5,,KAB. BONDOWOSO,fasilitas_pelayanan_kesehatan_tingkat_pertama_praktik_mandiri_dokter_gigi_rawat_inap_l,0.0
5,,KAB. BONDOWOSO,fasilitas_pelayanan_kesehatan_tingkat_pertama_praktik_mandiri_dokter_gigi_rawat_inap_p,0.0
5,,KAB. BONDOWOSO,fasilitas_pelayanan_kesehatan_tingkat_pertama_praktik_mandiri_dokter_gigi_rawat_inap_l_+_p,0.0
5,,KAB. BONDOWOSO,fasilitas_pelayanan_kesehatan_tingkat_pertama_praktik_mandiri_dokter_gigi_gangguan_jiwa_l_+_p,0.0
5,,KAB. SITUBONDO,fasilitas_pelayanan_kesehatan_tingkat_pertama_praktik_mandiri_dokter_gigi_rawat_jalan_l,1720.0
5,,KAB. SITUBONDO,fasilitas_pelayanan_kesehatan_tingkat_pertama_praktik_mandiri_dokter_gigi_rawat_jalan_p,2092.0
5,,KAB. SITUBONDO,fasilitas_pelayanan_kesehatan_tingkat_pertama_praktik_mandiri_dokter_gigi_rawat_jalan_l_+_p,3812.0
5,,KAB. SITUBONDO,fasilitas_pelayanan_kesehatan_tingkat_pertama_praktik_mandiri_dokter_gigi_gangguan_jiwa_l_+_p,0.0
5,,KAB. PROBOLINGGO,fasilitas_pelayanan_kesehatan_tingkat_pertama_praktik_mandiri_dokter_gigi_gangguan_jiwa_l_+_p,0.0
5,,KAB. PASURUAN,fasilitas_pelayanan_kesehatan_tingkat_pertama_praktik_mandiri_dokter_gigi_gangguan_jiwa_l_+_p,0.0
5,,KAB. SIDOARJO,fasilitas_pelayanan_kesehatan_tingkat_pertama_praktik_mandiri_dokter_gigi_rawat_jalan_l,15501.0
5,,KAB. SIDOARJO,fasilitas_pelayanan_kesehatan_tingkat_pertama_praktik_mandiri_dokter_gigi_rawat_jalan_p,21907.0
5,,KAB. SIDOARJO,fasilitas_pelayanan_kesehatan_tingkat_pertama_praktik_mandiri_dokter_gigi_rawat_jalan_l_+_p,37408.0
5,,KAB. SIDOARJO,fasilitas_pelayanan_kesehatan_tingkat_pertama_praktik_mandiri_dokter_gigi_rawat_inap_l,0.0
5,,KAB. SIDOARJO,fasilitas_pelayanan_kesehatan_tingkat_pertama_praktik_mandiri_dokter_gigi_rawat_inap_p,0.0
5,,KAB. SIDOARJO,fasilitas_pelayanan_kesehatan_tingkat_pertama_praktik_mandiri_dokter_gigi_rawat_inap_l_+_p,0.0
5,,KAB. SIDOARJO,fasilitas_pelayanan_kesehatan_tingkat_pertama_praktik_mandiri_dokter_gigi_gangguan_jiwa_l_+_p,0.0
5,,KAB. MOJOKERTO,fasilitas_pelayanan_kesehatan_tingkat_pertama_praktik_mandiri_dokter_gigi_gangguan_jiwa_l_+_p,0.0
5,,KAB. JOMBANG,fasilitas_pelayanan_kesehatan_tingkat_pertama_praktik_mandiri_dokter_gigi_rawat_jalan_l,7299.0
5,,KAB. JOMBANG,fasilitas_pelayanan_kesehatan_tingkat_pertama_praktik_mandiri_dokter_gigi_rawat_jalan_p,10031.0
5,,KAB. JOMBANG,fasilitas_pelayanan_kesehatan_tingkat_pertama_praktik_mandiri_dokter_gigi_rawat_jalan_l_+_p,17330.0
5,,KAB. JOMBANG,fasilitas_pelayanan_kesehatan_tingkat_pertama_praktik_mandiri_dokter_gigi_rawat_inap_l,0.0
5,,KAB. JOMBANG,fasilitas_pelayanan_kesehatan_tingkat_pertama_praktik_mandiri_dokter_gigi_rawat_inap_p,0.0
5,,KAB. JOMBANG,fasilitas_pelayanan_kesehatan_tingkat_pertama_praktik_mandiri_dokter_gigi_rawat_inap_l_+_p,0.0
5,,KAB. JOMBANG,fasilitas_pelayanan_kesehatan_tingkat_pertama_praktik_mandiri_dokter_gigi_gangguan_jiwa_l_+_p,0.0
5,,KAB. NGANJUK,fasilitas_pelayanan_kesehatan_tingkat_pertama_praktik_mandiri_dokter_gigi_gangguan_jiwa_l_+_p,0.0
5,,KAB. MADIUN,fasilitas_pelayanan_kesehatan_tingkat_pertama_praktik_mandiri_dokter_gigi_gangguan_jiwa_l_+_p,0.0
5,,KAB. MAGETAN,fasilitas_pelayanan_kesehatan_tingkat_pertama_praktik_mandiri_dokter_gigi_rawat_jalan_l,1362.0
5,,KAB. MAGETAN,fasilitas_pelayanan_kesehatan_tingkat_pertama_praktik_mandiri_dokter_gigi_rawat_jalan_p,1672.0
5,,KAB. MAGETAN,fasilitas_pelayanan_kesehatan_tingkat_pertama_praktik_mandiri_dokter_gigi_rawat_jalan_l_+_p,3034.0
5,,KAB. MAGETAN,fasilitas_pelayanan_kesehatan_tingkat_pertama_praktik_mandiri_dokter_gigi_rawat_inap_l,0.0
5,,KAB. MAGETAN,fasilitas_pelayanan_kesehatan_tingkat_pertama_praktik_mandiri_dokter_gigi_rawat_inap_p,0.0
5,,KAB. MAGETAN,fasilitas_pelayanan_kesehatan_tingkat_pertama_praktik_mandiri_dokter_gigi_rawat_inap_l_+_p,0.0
5,,KAB. MAGETAN,fasilitas_pelayanan_kesehatan_tingkat_pertama_praktik_mandiri_dokter_gigi_gangguan_jiwa_l_+_p,0.0
5,,KAB. NGAWI,fasilitas_pelayanan_kesehatan_tingkat_pertama_praktik_mandiri_dokter_gigi_gangguan_jiwa_l_+_p,0.0
5,,KAB. BOJONEGORO,fasilitas_pelayanan_kesehatan_tingkat_pertama_praktik_mandiri_dokter_gigi_gangguan_jiwa_l_+_p,0.0
5,,KAB. TUBAN,fasilitas_pelayanan_kesehatan_tingkat_pertama_praktik_mandiri_dokter_gigi_rawat_jalan_l,5447.0
5,,KAB. TUBAN,fasilitas_pelayanan_kesehatan_tingkat_pertama_praktik_mandiri_dokter_gigi_rawat_jalan_p,6997.0
5,,KAB. TUBAN,fasilitas_pelayanan_kesehatan_tingkat_pertama_praktik_mandiri_dokter_gigi_rawat_jalan_l_+_p,12444.0
5,,KAB. TUBAN,fasilitas_pelayanan_kesehatan_tingkat_pertama_praktik_mandiri_dokter_gigi_rawat_inap_l,0.0
5,,KAB. TUBAN,fasilitas_pelayanan_kesehatan_tingkat_pertama_praktik_mandiri_dokter_gigi_rawat_inap_p,0.0
5,,KAB. TUBAN,fasilitas_pelayanan_kesehatan_tingkat_pertama_praktik_mandiri_dokter_gigi_rawat_inap_l_+_p,0.0
5,,KAB. TUBAN,fasilitas_pelayanan_kesehatan_tingkat_pertama_praktik_mandiri_dokter_gigi_gangguan_jiwa_l_+_p,0.0
5,,KAB. LAMONGAN,fasilitas_pelayanan_kesehatan_tingkat_pertama_praktik_mandiri_dokter_gigi_rawat_jalan_l,1042.0
5,,KAB. LAMONGAN,fasilitas_pelayanan_kesehatan_tingkat_pertama_praktik_mandiri_dokter_gigi_rawat_jalan_p,1398.0
5,,KAB. LAMONGAN,fasilitas_pelayanan_kesehatan_tingkat_pertama_praktik_mandiri_dokter_gigi_rawat_jalan_l_+_p,2440.0
5,,KAB. LAMONGAN,fasilitas_pelayanan_kesehatan_tingkat_pertama_praktik_mandiri_dokter_gigi_gangguan_jiwa_l_+_p,0.0
5,,KAB. GRESIK,fasilitas_pelayanan_kesehatan_tingkat_pertama_praktik_mandiri_dokter_gigi_gangguan_jiwa_l_+_p,0.0
5,,KAB. BANGKALAN,fasilitas_pelayanan_kesehatan_tingkat_pertama_praktik_mandiri_dokter_gigi_gangguan_jiwa_l_+_p,0.0
5,,KAB. SAMPANG,fasilitas_pelayanan_kesehatan_tingkat_pertama_praktik_mandiri_dokter_gigi_rawat_jalan_l,3109.0
5,,KAB. SAMPANG,fasilitas_pelayanan_kesehatan_tingkat_pertama_praktik_mandiri_dokter_gigi_rawat_jalan_p,3518.0
5,,KAB. SAMPANG,fasilitas_pelayanan_kesehatan_tingkat_pertama_praktik_mandiri_dokter_gigi_rawat_jalan_l_+_p,6627.0
5,,KAB. SAMPANG,fasilitas_pelayanan_kesehatan_tingkat_pertama_praktik_mandiri_dokter_gigi_rawat_inap_l,0.0
5,,KAB. SAMPANG,fasilitas_pelayanan_kesehatan_tingkat_pertama_praktik_mandiri_dokter_gigi_rawat_inap_p,0.0
5,,KAB. SAMPANG,fasilitas_pelayanan_kesehatan_tingkat_pertama_praktik_mandiri_dokter_gigi_rawat_inap_l_+_p,0.0
5,,KAB. SAMPANG,fasilitas_pelayanan_kesehatan_tingkat_pertama_praktik_mandiri_dokter_gigi_gangguan_jiwa_l_+_p,0.0
5,,KAB. PAMEKASAN,fasilitas_pelayanan_kesehatan_tingkat_pertama_praktik_mandiri_dokter_gigi_rawat_jalan_l,2906.0
5,,KAB. PAMEKASAN,fasilitas_pelayanan_kesehatan_tingkat_pertama_praktik_mandiri_dokter_gigi_rawat_jalan_p,4145.0
5,,KAB. PAMEKASAN,fasilitas_pelayanan_kesehatan_tingkat_pertama_praktik_mandiri_dokter_gigi_rawat_jalan_l_+_p,7051.0
5,,KAB. PAMEKASAN,fasilitas_pelayanan_kesehatan_tingkat_pertama_praktik_mandiri_dokter_gigi_rawat_inap_l,0.0
5,,KAB. PAMEKASAN,fasilitas_pelayanan_kesehatan_tingkat_pertama_praktik_mandiri_dokter_gigi_rawat_inap_p,0.0
5,,KAB. PAMEKASAN,fasilitas_pelayanan_kesehatan_tingkat_pertama_praktik_mandiri_dokter_gigi_rawat_inap_l_+_p,0.0
5,,KAB. PAMEKASAN,fasilitas_pelayanan_kesehatan_tingkat_pertama_praktik_mandiri_dokter_gigi_gangguan_jiwa_l_+_p,0.0
5,,KAB. SUMENEP,fasilitas_pelayanan_kesehatan_tingkat_pertama_praktik_mandiri_dokter_gigi_rawat_jalan_l,3340.0
5,,KAB. SUMENEP,fasilitas_pelayanan_kesehatan_tingkat_pertama_praktik_mandiri_dokter_gigi_rawat_jalan_p,6920.0
5,,KAB. SUMENEP,fasilitas_pelayanan_kesehatan_tingkat_pertama_praktik_mandiri_dokter_gigi_rawat_jalan_l_+_p,10260.0
5,,KAB. SUMENEP,fasilitas_pelayanan_kesehatan_tingkat_pertama_praktik_mandiri_dokter_gigi_gangguan_jiwa_l_+_p,0.0
5,,KOTA KEDIRI,fasilitas_pelayanan_kesehatan_tingkat_pertama_praktik_mandiri_dokter_gigi_gangguan_jiwa_l_+_p,0.0
5,,KOTA BLITAR,fasilitas_pelayanan_kesehatan_tingkat_pertama_praktik_mandiri_dokter_gigi_gangguan_jiwa_l_+_p,0.0
5,,KOTA MALANG,fasilitas_pelayanan_kesehatan_tingkat_pertama_praktik_mandiri_dokter_gigi_gangguan_jiwa_l_+_p,0.0
5,,KOTA PROBOLINGGO,fasilitas_pelayanan_kesehatan_tingkat_pertama_praktik_mandiri_dokter_gigi_gangguan_jiwa_l_+_p,0.0
5,,KOTA PASURUAN,fasilitas_pelayanan_kesehatan_tingkat_pertama_praktik_mandiri_dokter_gigi_rawat_jalan_l,5166.0
5,,KOTA PASURUAN,fasilitas_pelayanan_kesehatan_tingkat_pertama_praktik_mandiri_dokter_gigi_rawat_jalan_p,8572.0
5,,KOTA PASURUAN,fasilitas_pelayanan_kesehatan_tingkat_pertama_praktik_mandiri_dokter_gigi_rawat_jalan_l_+_p,13738.0
5,,KOTA PASURUAN,fasilitas_pelayanan_kesehatan_tingkat_pertama_praktik_mandiri_dokter_gigi_rawat_inap_l,0.0
5,,KOTA PASURUAN,fasilitas_pelayanan_kesehatan_tingkat_pertama_praktik_mandiri_dokter_gigi_rawat_inap_p,0.0
5,,KOTA PASURUAN,fasilitas_pelayanan_kesehatan_tingkat_pertama_praktik_mandiri_dokter_gigi_rawat_inap_l_+_p,0.0
5,,KOTA PASURUAN,fasilitas_pelayanan_kesehatan_tingkat_pertama_praktik_mandiri_dokter_gigi_gangguan_jiwa_l_+_p,0.0
5,,KOTA MOJOKERTO,fasilitas_pelayanan_kesehatan_tingkat_pertama_praktik_mandiri_dokter_gigi_rawat_jalan_l,2141.0
5,,KOTA MOJOKERTO,fasilitas_pelayanan_kesehatan_tingkat_pertama_praktik_mandiri_dokter_gigi_rawat_jalan_p,3794.0
5,,KOTA MOJOKERTO,fasilitas_pelayanan_kesehatan_tingkat_pertama_praktik_mandiri_dokter_gigi_rawat_jalan_l_+_p,5935.0
5,,KOTA MOJOKERTO,fasilitas_pelayanan_kesehatan_tingkat_pertama_praktik_mandiri_dokter_gigi_rawat_inap_l,0.0
5,,KOTA MOJOKERTO,fasilitas_pelayanan_kesehatan_tingkat_pertama_praktik_mandiri_dokter_gigi_rawat_inap_p,0.0
5,,KOTA MOJOKERTO,fasilitas_pelayanan_kesehatan_tingkat_pertama_praktik_mandiri_dokter_gigi_rawat_inap_l_+_p,0.0
5,,KOTA MOJOKERTO,fasilitas_pelayanan_kesehatan_tingkat_pertama_praktik_mandiri_dokter_gigi_gangguan_jiwa_l_+_p,0.0
5,,KOTA MADIUN,fasilitas_pelayanan_kesehatan_tingkat_pertama_praktik_mandiri_dokter_gigi_rawat_jalan_l,2199.0
5,,KOTA MADIUN,fasilitas_pelayanan_kesehatan_tingkat_pertama_praktik_mandiri_dokter_gigi_rawat_jalan_p,2821.0
5,,KOTA MADIUN,fasilitas_pelayanan_kesehatan_tingkat_pertama_praktik_mandiri_dokter_gigi_rawat_jalan_l_+_p,4990.0
5,,KOTA MADIUN,fasilitas_pelayanan_kesehatan_tingkat_pertama_praktik_mandiri_dokter_gigi_gangguan_jiwa_l_+_p,0.0
5,,KOTA SURABAYA,fasilitas_pelayanan_kesehatan_tingkat_pertama_praktik_mandiri_dokter_gigi_rawat_jalan_l,5432.0
5,,KOTA SURABAYA,fasilitas_pelayanan_kesehatan_tingkat_pertama_praktik_mandiri_dokter_gigi_rawat_jalan_p,8719.0
5,,KOTA SURABAYA,fasilitas_pelayanan_kesehatan_tingkat_pertama_praktik_mandiri_dokter_gigi_rawat_jalan_l_+_p,14151.0
5,,KOTA SURABAYA,fasilitas_pelayanan_kesehatan_tingkat_pertama_praktik_mandiri_dokter_gigi_rawat_inap_l,0.0
5,,KOTA SURABAYA,fasilitas_pelayanan_kesehatan_tingkat_pertama_praktik_mandiri_dokter_gigi_rawat_inap_p,0.0
5,,KOTA SURABAYA,fasilitas_pelayanan_kesehatan_tingkat_pertama_praktik_mandiri_dokter_gigi_rawat_inap_l_+_p,0.0
5,,KOTA SURABAYA,fasilitas_pelayanan_kesehatan_tingkat_pertama_praktik_mandiri_dokter_gigi_gangguan_jiwa_l_+_p,0.0
5,,KOTA BATU,fasilitas_pelayanan_kesehatan_tingkat_pertama_praktik_mandiri_dokter_gigi_rawat_jalan_l,0.0
5,,KOTA BATU,fasilitas_pelayanan_kesehatan_tingkat_pertama_praktik_mandiri_dokter_gigi_rawat_jalan_p,0.0
5,,KOTA BATU,fasilitas_pelayanan_kesehatan_tingkat_pertama_praktik_mandiri_dokter_gigi_rawat_jalan_l_+_p,3175.0
5,,KOTA BATU,fasilitas_pelayanan_kesehatan_tingkat_pertama_praktik_mandiri_dokter_gigi_gangguan_jiwa_l,0.0
5,,KOTA BATU,fasilitas_pelayanan_kesehatan_tingkat_pertama_praktik_mandiri_dokter_gigi_gangguan_jiwa_p,0.0
5,,KOTA BATU,fasilitas_pelayanan_kesehatan_tingkat_pertama_praktik_mandiri_dokter_gigi_gangguan_jiwa_l_+_p,0.0
5,,KAB. PACITAN,fasilitas_pelayanan_kesehatan_tingkat_pertama_praktik_mandiri_bidan_rawat_jalan_l,764.0
5,,KAB. PACITAN,fasilitas_pelayanan_kesehatan_tingkat_pertama_praktik_mandiri_bidan_rawat_jalan_p,1848.0
5,,KAB. PACITAN,fasilitas_pelayanan_kesehatan_tingkat_pertama_praktik_mandiri_bidan_rawat_jalan_l_+_p,2612.0
5,,KAB. PACITAN,fasilitas_pelayanan_kesehatan_tingkat_pertama_praktik_mandiri_bidan_rawat_inap_l,0.0
5,,KAB. PACITAN,fasilitas_pelayanan_kesehatan_tingkat_pertama_praktik_mandiri_bidan_rawat_inap_p,0.0
5,,KAB. PACITAN,fasilitas_pelayanan_kesehatan_tingkat_pertama_praktik_mandiri_bidan_rawat_inap_l_+_p,0.0
5,,KAB. PACITAN,fasilitas_pelayanan_kesehatan_tingkat_pertama_praktik_mandiri_bidan_gangguan_jiwa_l_+_p,0.0
5,,KAB. PONOROGO,fasilitas_pelayanan_kesehatan_tingkat_pertama_praktik_mandiri_bidan_rawat_jalan_l,87548.0
5,,KAB. PONOROGO,fasilitas_pelayanan_kesehatan_tingkat_pertama_praktik_mandiri_bidan_rawat_jalan_p,148029.0
5,,KAB. PONOROGO,fasilitas_pelayanan_kesehatan_tingkat_pertama_praktik_mandiri_bidan_rawat_jalan_l_+_p,235577.0
5,,KAB. PONOROGO,fasilitas_pelayanan_kesehatan_tingkat_pertama_praktik_mandiri_bidan_rawat_inap_l,0.0
5,,KAB. PONOROGO,fasilitas_pelayanan_kesehatan_tingkat_pertama_praktik_mandiri_bidan_rawat_inap_p,0.0
5,,KAB. PONOROGO,fasilitas_pelayanan_kesehatan_tingkat_pertama_praktik_mandiri_bidan_rawat_inap_l_+_p,0.0
5,,KAB. PONOROGO,fasilitas_pelayanan_kesehatan_tingkat_pertama_praktik_mandiri_bidan_gangguan_jiwa_l_+_p,0.0
5,,KAB. TRENGGALEK,fasilitas_pelayanan_kesehatan_tingkat_pertama_praktik_mandiri_bidan_gangguan_jiwa_l_+_p,0.0
5,,KAB. TULUNGAGUNG,fasilitas_pelayanan_kesehatan_tingkat_pertama_praktik_mandiri_bidan_rawat_jalan_l,24325.0
5,,KAB. TULUNGAGUNG,fasilitas_pelayanan_kesehatan_tingkat_pertama_praktik_mandiri_bidan_rawat_jalan_p,40084.0
5,,KAB. TULUNGAGUNG,fasilitas_pelayanan_kesehatan_tingkat_pertama_praktik_mandiri_bidan_rawat_jalan_l_+_p,64409.0
5,,KAB. TULUNGAGUNG,fasilitas_pelayanan_kesehatan_tingkat_pertama_praktik_mandiri_bidan_rawat_inap_l,0.0
5,,KAB. TULUNGAGUNG,fasilitas_pelayanan_kesehatan_tingkat_pertama_praktik_mandiri_bidan_rawat_inap_p,0.0
5,,KAB. TULUNGAGUNG,fasilitas_pelayanan_kesehatan_tingkat_pertama_praktik_mandiri_bidan_rawat_inap_l_+_p,0.0
5,,KAB. TULUNGAGUNG,fasilitas_pelayanan_kesehatan_tingkat_pertama_praktik_mandiri_bidan_gangguan_jiwa_l_+_p,0.0
5,,KAB. BLITAR,fasilitas_pelayanan_kesehatan_tingkat_pertama_praktik_mandiri_bidan_rawat_jalan_l,36518.0
5,,KAB. BLITAR,fasilitas_pelayanan_kesehatan_tingkat_pertama_praktik_mandiri_bidan_rawat_jalan_p,92025.0
5,,KAB. BLITAR,fasilitas_pelayanan_kesehatan_tingkat_pertama_praktik_mandiri_bidan_rawat_jalan_l_+_p,128543.0
5,,KAB. BLITAR,fasilitas_pelayanan_kesehatan_tingkat_pertama_praktik_mandiri_bidan_rawat_inap_l,0.0
5,,KAB. BLITAR,fasilitas_pelayanan_kesehatan_tingkat_pertama_praktik_mandiri_bidan_rawat_inap_p,0.0
5,,KAB. BLITAR,fasilitas_pelayanan_kesehatan_tingkat_pertama_praktik_mandiri_bidan_rawat_inap_l_+_p,0.0
5,,KAB. BLITAR,fasilitas_pelayanan_kesehatan_tingkat_pertama_praktik_mandiri_bidan_gangguan_jiwa_l_+_p,0.0
5,,KAB. KEDIRI,fasilitas_pelayanan_kesehatan_tingkat_pertama_praktik_mandiri_bidan_rawat_jalan_l,18660.0
5,,KAB. KEDIRI,fasilitas_pelayanan_kesehatan_tingkat_pertama_praktik_mandiri_bidan_rawat_jalan_p,86215.0
5,,KAB. KEDIRI,fasilitas_pelayanan_kesehatan_tingkat_pertama_praktik_mandiri_bidan_rawat_jalan_l_+_p,104875.0
5,,KAB. KEDIRI,fasilitas_pelayanan_kesehatan_tingkat_pertama_praktik_mandiri_bidan_rawat_inap_l,0.0
5,,KAB. KEDIRI,fasilitas_pelayanan_kesehatan_tingkat_pertama_praktik_mandiri_bidan_rawat_inap_p,736.0
5,,KAB. KEDIRI,fasilitas_pelayanan_kesehatan_tingkat_pertama_praktik_mandiri_bidan_rawat_inap_l_+_p,736.0
5,,KAB. KEDIRI,fasilitas_pelayanan_kesehatan_tingkat_pertama_praktik_mandiri_bidan_gangguan_jiwa_l_+_p,0.0
5,,KAB. MALANG,fasilitas_pelayanan_kesehatan_tingkat_pertama_praktik_mandiri_bidan_rawat_jalan_l,4525.0
5,,KAB. MALANG,fasilitas_pelayanan_kesehatan_tingkat_pertama_praktik_mandiri_bidan_rawat_jalan_p,8500.0
5,,KAB. MALANG,fasilitas_pelayanan_kesehatan_tingkat_pertama_praktik_mandiri_bidan_rawat_jalan_l_+_p,13025.0
5,,KAB. MALANG,fasilitas_pelayanan_kesehatan_tingkat_pertama_praktik_mandiri_bidan_rawat_inap_l,0.0
5,,KAB. MALANG,fasilitas_pelayanan_kesehatan_tingkat_pertama_praktik_mandiri_bidan_rawat_inap_p,79.0
5,,KAB. MALANG,fasilitas_pelayanan_kesehatan_tingkat_pertama_praktik_mandiri_bidan_rawat_inap_l_+_p,79.0
5,,KAB. MALANG,fasilitas_pelayanan_kesehatan_tingkat_pertama_praktik_mandiri_bidan_gangguan_jiwa_l_+_p,0.0
5,,KAB. LUMAJANG,fasilitas_pelayanan_kesehatan_tingkat_pertama_praktik_mandiri_bidan_rawat_jalan_l,15099.0
5,,KAB. LUMAJANG,fasilitas_pelayanan_kesehatan_tingkat_pertama_praktik_mandiri_bidan_rawat_jalan_p,94642.0
5,,KAB. LUMAJANG,fasilitas_pelayanan_kesehatan_tingkat_pertama_praktik_mandiri_bidan_rawat_jalan_l_+_p,109741.0
5,,KAB. LUMAJANG,fasilitas_pelayanan_kesehatan_tingkat_pertama_praktik_mandiri_bidan_gangguan_jiwa_l_+_p,0.0
5,,KAB. JEMBER,fasilitas_pelayanan_kesehatan_tingkat_pertama_praktik_mandiri_bidan_gangguan_jiwa_l_+_p,0.0
5,,KAB. BANYUWANGI,fasilitas_pelayanan_kesehatan_tingkat_pertama_praktik_mandiri_bidan_rawat_jalan_l,4673.0
5,,KAB. BANYUWANGI,fasilitas_pelayanan_kesehatan_tingkat_pertama_praktik_mandiri_bidan_rawat_jalan_p,17952.0
5,,KAB. BANYUWANGI,fasilitas_pelayanan_kesehatan_tingkat_pertama_praktik_mandiri_bidan_rawat_jalan_l_+_p,22625.0
5,,KAB. BANYUWANGI,fasilitas_pelayanan_kesehatan_tingkat_pertama_praktik_mandiri_bidan_rawat_inap_l,0.0
5,,KAB. BANYUWANGI,fasilitas_pelayanan_kesehatan_tingkat_pertama_praktik_mandiri_bidan_rawat_inap_p,0.0
5,,KAB. BANYUWANGI,fasilitas_pelayanan_kesehatan_tingkat_pertama_praktik_mandiri_bidan_rawat_inap_l_+_p,0.0
5,,KAB. BANYUWANGI,fasilitas_pelayanan_kesehatan_tingkat_pertama_praktik_mandiri_bidan_gangguan_jiwa_l_+_p,0.0
5,,KAB. BONDOWOSO,fasilitas_pelayanan_kesehatan_tingkat_pertama_praktik_mandiri_bidan_rawat_jalan_l,16145.0
5,,KAB. BONDOWOSO,fasilitas_pelayanan_kesehatan_tingkat_pertama_praktik_mandiri_bidan_rawat_jalan_p,75474.0
5,,KAB. BONDOWOSO,fasilitas_pelayanan_kesehatan_tingkat_pertama_praktik_mandiri_bidan_rawat_jalan_l_+_p,91619.0
5,,KAB. BONDOWOSO,fasilitas_pelayanan_kesehatan_tingkat_pertama_praktik_mandiri_bidan_rawat_inap_l,0.0
5,,KAB. BONDOWOSO,fasilitas_pelayanan_kesehatan_tingkat_pertama_praktik_mandiri_bidan_rawat_inap_p,0.0
5,,KAB. BONDOWOSO,fasilitas_pelayanan_kesehatan_tingkat_pertama_praktik_mandiri_bidan_rawat_inap_l_+_p,0.0
5,,KAB. BONDOWOSO,fasilitas_pelayanan_kesehatan_tingkat_pertama_praktik_mandiri_bidan_gangguan_jiwa_l_+_p,0.0
5,,KAB. SITUBONDO,fasilitas_pelayanan_kesehatan_tingkat_pertama_praktik_mandiri_bidan_rawat_jalan_l,3950.0
5,,KAB. SITUBONDO,fasilitas_pelayanan_kesehatan_tingkat_pertama_praktik_mandiri_bidan_rawat_jalan_p,31158.0
5,,KAB. SITUBONDO,fasilitas_pelayanan_kesehatan_tingkat_pertama_praktik_mandiri_bidan_rawat_jalan_l_+_p,35108.0
5,,KAB. SITUBONDO,fasilitas_pelayanan_kesehatan_tingkat_pertama_praktik_mandiri_bidan_gangguan_jiwa_l_+_p,0.0
5,,KAB. PROBOLINGGO,fasilitas_pelayanan_kesehatan_tingkat_pertama_praktik_mandiri_bidan_rawat_jalan_l,38.0
5,,KAB. PROBOLINGGO,fasilitas_pelayanan_kesehatan_tingkat_pertama_praktik_mandiri_bidan_rawat_jalan_p,376.0
5,,KAB. PROBOLINGGO,fasilitas_pelayanan_kesehatan_tingkat_pertama_praktik_mandiri_bidan_rawat_jalan_l_+_p,414.0
5,,KAB. PROBOLINGGO,fasilitas_pelayanan_kesehatan_tingkat_pertama_praktik_mandiri_bidan_gangguan_jiwa_l_+_p,0.0
5,,KAB. PASURUAN,fasilitas_pelayanan_kesehatan_tingkat_pertama_praktik_mandiri_bidan_gangguan_jiwa_l_+_p,0.0
5,,KAB. SIDOARJO,fasilitas_pelayanan_kesehatan_tingkat_pertama_praktik_mandiri_bidan_rawat_jalan_l,55440.0
5,,KAB. SIDOARJO,fasilitas_pelayanan_kesehatan_tingkat_pertama_praktik_mandiri_bidan_rawat_jalan_p,167157.0
5,,KAB. SIDOARJO,fasilitas_pelayanan_kesehatan_tingkat_pertama_praktik_mandiri_bidan_rawat_jalan_l_+_p,222597.0
5,,KAB. SIDOARJO,fasilitas_pelayanan_kesehatan_tingkat_pertama_praktik_mandiri_bidan_rawat_inap_l,0.0
5,,KAB. SIDOARJO,fasilitas_pelayanan_kesehatan_tingkat_pertama_praktik_mandiri_bidan_rawat_inap_p,459.0
5,,KAB. SIDOARJO,fasilitas_pelayanan_kesehatan_tingkat_pertama_praktik_mandiri_bidan_rawat_inap_l_+_p,459.0
5,,KAB. SIDOARJO,fasilitas_pelayanan_kesehatan_tingkat_pertama_praktik_mandiri_bidan_gangguan_jiwa_l_+_p,0.0
5,,KAB. MOJOKERTO,fasilitas_pelayanan_kesehatan_tingkat_pertama_praktik_mandiri_bidan_gangguan_jiwa_l_+_p,0.0
5,,KAB. JOMBANG,fasilitas_pelayanan_kesehatan_tingkat_pertama_praktik_mandiri_bidan_rawat_jalan_l,12495.0
5,,KAB. JOMBANG,fasilitas_pelayanan_kesehatan_tingkat_pertama_praktik_mandiri_bidan_rawat_jalan_p,62215.0
5,,KAB. JOMBANG,fasilitas_pelayanan_kesehatan_tingkat_pertama_praktik_mandiri_bidan_rawat_jalan_l_+_p,74710.0
5,,KAB. JOMBANG,fasilitas_pelayanan_kesehatan_tingkat_pertama_praktik_mandiri_bidan_rawat_inap_l,0.0
5,,KAB. JOMBANG,fasilitas_pelayanan_kesehatan_tingkat_pertama_praktik_mandiri_bidan_rawat_inap_p,0.0
5,,KAB. JOMBANG,fasilitas_pelayanan_kesehatan_tingkat_pertama_praktik_mandiri_bidan_rawat_inap_l_+_p,0.0
5,,KAB. JOMBANG,fasilitas_pelayanan_kesehatan_tingkat_pertama_praktik_mandiri_bidan_gangguan_jiwa_l_+_p,0.0
5,,KAB. NGANJUK,fasilitas_pelayanan_kesehatan_tingkat_pertama_praktik_mandiri_bidan_gangguan_jiwa_l_+_p,0.0
5,,KAB. MADIUN,fasilitas_pelayanan_kesehatan_tingkat_pertama_praktik_mandiri_bidan_gangguan_jiwa_l_+_p,0.0
5,,KAB. MAGETAN,fasilitas_pelayanan_kesehatan_tingkat_pertama_praktik_mandiri_bidan_rawat_jalan_l,6491.0
5,,KAB. MAGETAN,fasilitas_pelayanan_kesehatan_tingkat_pertama_praktik_mandiri_bidan_rawat_jalan_p,22320.0
5,,KAB. MAGETAN,fasilitas_pelayanan_kesehatan_tingkat_pertama_praktik_mandiri_bidan_rawat_jalan_l_+_p,28811.0
5,,KAB. MAGETAN,fasilitas_pelayanan_kesehatan_tingkat_pertama_praktik_mandiri_bidan_rawat_inap_l,0.0
5,,KAB. MAGETAN,fasilitas_pelayanan_kesehatan_tingkat_pertama_praktik_mandiri_bidan_rawat_inap_p,0.0
5,,KAB. MAGETAN,fasilitas_pelayanan_kesehatan_tingkat_pertama_praktik_mandiri_bidan_rawat_inap_l_+_p,0.0
5,,KAB. MAGETAN,fasilitas_pelayanan_kesehatan_tingkat_pertama_praktik_mandiri_bidan_gangguan_jiwa_l_+_p,0.0
5,,KAB. NGAWI,fasilitas_pelayanan_kesehatan_tingkat_pertama_praktik_mandiri_bidan_gangguan_jiwa_l_+_p,0.0
5,,KAB. BOJONEGORO,fasilitas_pelayanan_kesehatan_tingkat_pertama_praktik_mandiri_bidan_gangguan_jiwa_l_+_p,0.0
5,,KAB. TUBAN,fasilitas_pelayanan_kesehatan_tingkat_pertama_praktik_mandiri_bidan_rawat_jalan_l,45259.0
5,,KAB. TUBAN,fasilitas_pelayanan_kesehatan_tingkat_pertama_praktik_mandiri_bidan_rawat_jalan_p,127313.0
5,,KAB. TUBAN,fasilitas_pelayanan_kesehatan_tingkat_pertama_praktik_mandiri_bidan_rawat_jalan_l_+_p,172572.0
5,,KAB. TUBAN,fasilitas_pelayanan_kesehatan_tingkat_pertama_praktik_mandiri_bidan_rawat_inap_l,0.0
5,,KAB. TUBAN,fasilitas_pelayanan_kesehatan_tingkat_pertama_praktik_mandiri_bidan_rawat_inap_p,0.0
5,,KAB. TUBAN,fasilitas_pelayanan_kesehatan_tingkat_pertama_praktik_mandiri_bidan_rawat_inap_l_+_p,0.0
5,,KAB. TUBAN,fasilitas_pelayanan_kesehatan_tingkat_pertama_praktik_mandiri_bidan_gangguan_jiwa_l_+_p,0.0
5,,KAB. LAMONGAN,fasilitas_pelayanan_kesehatan_tingkat_pertama_praktik_mandiri_bidan_rawat_jalan_l,20991.0
5,,KAB. LAMONGAN,fasilitas_pelayanan_kesehatan_tingkat_pertama_praktik_mandiri_bidan_rawat_jalan_p,28325.0
5,,KAB. LAMONGAN,fasilitas_pelayanan_kesehatan_tingkat_pertama_praktik_mandiri_bidan_rawat_jalan_l_+_p,49316.0
5,,KAB. LAMONGAN,fasilitas_pelayanan_kesehatan_tingkat_pertama_praktik_mandiri_bidan_rawat_inap_l,0.0
5,,KAB. LAMONGAN,fasilitas_pelayanan_kesehatan_tingkat_pertama_praktik_mandiri_bidan_rawat_inap_p,0.0
5,,KAB. LAMONGAN,fasilitas_pelayanan_kesehatan_tingkat_pertama_praktik_mandiri_bidan_rawat_inap_l_+_p,0.0
5,,KAB. LAMONGAN,fasilitas_pelayanan_kesehatan_tingkat_pertama_praktik_mandiri_bidan_gangguan_jiwa_l_+_p,0.0
5,,KAB. GRESIK,fasilitas_pelayanan_kesehatan_tingkat_pertama_praktik_mandiri_bidan_gangguan_jiwa_l_+_p,0.0
5,,KAB. BANGKALAN,fasilitas_pelayanan_kesehatan_tingkat_pertama_praktik_mandiri_bidan_gangguan_jiwa_l_+_p,0.0
5,,KAB. SAMPANG,fasilitas_pelayanan_kesehatan_tingkat_pertama_praktik_mandiri_bidan_rawat_jalan_l,1847.0
5,,KAB. SAMPANG,fasilitas_pelayanan_kesehatan_tingkat_pertama_praktik_mandiri_bidan_rawat_jalan_p,6806.0
5,,KAB. SAMPANG,fasilitas_pelayanan_kesehatan_tingkat_pertama_praktik_mandiri_bidan_rawat_jalan_l_+_p,8653.0
5,,KAB. SAMPANG,fasilitas_pelayanan_kesehatan_tingkat_pertama_praktik_mandiri_bidan_rawat_inap_l,0.0
5,,KAB. SAMPANG,fasilitas_pelayanan_kesehatan_tingkat_pertama_praktik_mandiri_bidan_rawat_inap_p,0.0
5,,KAB. SAMPANG,fasilitas_pelayanan_kesehatan_tingkat_pertama_praktik_mandiri_bidan_rawat_inap_l_+_p,0.0
5,,KAB. SAMPANG,fasilitas_pelayanan_kesehatan_tingkat_pertama_praktik_mandiri_bidan_gangguan_jiwa_l_+_p,0.0
5,,KAB. PAMEKASAN,fasilitas_pelayanan_kesehatan_tingkat_pertama_praktik_mandiri_bidan_rawat_jalan_l,2128.0
5,,KAB. PAMEKASAN,fasilitas_pelayanan_kesehatan_tingkat_pertama_praktik_mandiri_bidan_rawat_jalan_p,9158.0
5,,KAB. PAMEKASAN,fasilitas_pelayanan_kesehatan_tingkat_pertama_praktik_mandiri_bidan_rawat_jalan_l_+_p,11286.0
5,,KAB. PAMEKASAN,fasilitas_pelayanan_kesehatan_tingkat_pertama_praktik_mandiri_bidan_rawat_inap_l,0.0
5,,KAB. PAMEKASAN,fasilitas_pelayanan_kesehatan_tingkat_pertama_praktik_mandiri_bidan_rawat_inap_p,215.0
5,,KAB. PAMEKASAN,fasilitas_pelayanan_kesehatan_tingkat_pertama_praktik_mandiri_bidan_rawat_inap_l_+_p,215.0
5,,KAB. PAMEKASAN,fasilitas_pelayanan_kesehatan_tingkat_pertama_praktik_mandiri_bidan_gangguan_jiwa_l_+_p,0.0
5,,KAB. SUMENEP,fasilitas_pelayanan_kesehatan_tingkat_pertama_praktik_mandiri_bidan_rawat_jalan_l,2137.0
5,,KAB. SUMENEP,fasilitas_pelayanan_kesehatan_tingkat_pertama_praktik_mandiri_bidan_rawat_jalan_p,4989.0
5,,KAB. SUMENEP,fasilitas_pelayanan_kesehatan_tingkat_pertama_praktik_mandiri_bidan_rawat_jalan_l_+_p,7126.0
5,,KAB. SUMENEP,fasilitas_pelayanan_kesehatan_tingkat_pertama_praktik_mandiri_bidan_gangguan_jiwa_l_+_p,0.0
5,,KOTA KEDIRI,fasilitas_pelayanan_kesehatan_tingkat_pertama_praktik_mandiri_bidan_gangguan_jiwa_l_+_p,0.0
5,,KOTA BLITAR,fasilitas_pelayanan_kesehatan_tingkat_pertama_praktik_mandiri_bidan_gangguan_jiwa_l_+_p,0.0
5,,KOTA MALANG,fasilitas_pelayanan_kesehatan_tingkat_pertama_praktik_mandiri_bidan_gangguan_jiwa_l_+_p,0.0
5,,KOTA PROBOLINGGO,fasilitas_pelayanan_kesehatan_tingkat_pertama_praktik_mandiri_bidan_gangguan_jiwa_l_+_p,0.0
5,,KOTA PASURUAN,fasilitas_pelayanan_kesehatan_tingkat_pertama_praktik_mandiri_bidan_rawat_jalan_l,3024.0
5,,KOTA PASURUAN,fasilitas_pelayanan_kesehatan_tingkat_pertama_praktik_mandiri_bidan_rawat_jalan_p,14792.0
5,,KOTA PASURUAN,fasilitas_pelayanan_kesehatan_tingkat_pertama_praktik_mandiri_bidan_rawat_jalan_l_+_p,18927.0
5,,KOTA PASURUAN,fasilitas_pelayanan_kesehatan_tingkat_pertama_praktik_mandiri_bidan_rawat_inap_l,0.0
5,,KOTA PASURUAN,fasilitas_pelayanan_kesehatan_tingkat_pertama_praktik_mandiri_bidan_rawat_inap_p,533.0
5,,KOTA PASURUAN,fasilitas_pelayanan_kesehatan_tingkat_pertama_praktik_mandiri_bidan_rawat_inap_l_+_p,533.0
5,,KOTA PASURUAN,fasilitas_pelayanan_kesehatan_tingkat_pertama_praktik_mandiri_bidan_gangguan_jiwa_l_+_p,0.0
5,,KOTA MOJOKERTO,fasilitas_pelayanan_kesehatan_tingkat_pertama_praktik_mandiri_bidan_rawat_jalan_l,539.0
5,,KOTA MOJOKERTO,fasilitas_pelayanan_kesehatan_tingkat_pertama_praktik_mandiri_bidan_rawat_jalan_p,5257.0
5,,KOTA MOJOKERTO,fasilitas_pelayanan_kesehatan_tingkat_pertama_praktik_mandiri_bidan_rawat_jalan_l_+_p,5796.0
5,,KOTA MOJOKERTO,fasilitas_pelayanan_kesehatan_tingkat_pertama_praktik_mandiri_bidan_rawat_inap_l,0.0
5,,KOTA MOJOKERTO,fasilitas_pelayanan_kesehatan_tingkat_pertama_praktik_mandiri_bidan_rawat_inap_p,0.0
5,,KOTA MOJOKERTO,fasilitas_pelayanan_kesehatan_tingkat_pertama_praktik_mandiri_bidan_rawat_inap_l_+_p,0.0
5,,KOTA MOJOKERTO,fasilitas_pelayanan_kesehatan_tingkat_pertama_praktik_mandiri_bidan_gangguan_jiwa_l_+_p,0.0
5,,KOTA MADIUN,fasilitas_pelayanan_kesehatan_tingkat_pertama_praktik_mandiri_bidan_rawat_jalan_l,390.0
5,,KOTA MADIUN,fasilitas_pelayanan_kesehatan_tingkat_pertama_praktik_mandiri_bidan_rawat_jalan_p,2277.0
5,,KOTA MADIUN,fasilitas_pelayanan_kesehatan_tingkat_pertama_praktik_mandiri_bidan_rawat_jalan_l_+_p,2667.0
5,,KOTA MADIUN,fasilitas_pelayanan_kesehatan_tingkat_pertama_praktik_mandiri_bidan_rawat_inap_l,0.0
5,,KOTA MADIUN,fasilitas_pelayanan_kesehatan_tingkat_pertama_praktik_mandiri_bidan_rawat_inap_p,28.0
5,,KOTA MADIUN,fasilitas_pelayanan_kesehatan_tingkat_pertama_praktik_mandiri_bidan_rawat_inap_l_+_p,28.0
5,,KOTA MADIUN,fasilitas_pelayanan_kesehatan_tingkat_pertama_praktik_mandiri_bidan_gangguan_jiwa_l_+_p,0.0
5,,KOTA SURABAYA,fasilitas_pelayanan_kesehatan_tingkat_pertama_praktik_mandiri_bidan_gangguan_jiwa_l_+_p,0.0
5,,KOTA BATU,fasilitas_pelayanan_kesehatan_tingkat_pertama_praktik_mandiri_bidan_rawat_jalan_l,0.0
5,,KOTA BATU,fasilitas_pelayanan_kesehatan_tingkat_pertama_praktik_mandiri_bidan_rawat_jalan_p,0.0
5,,KOTA BATU,fasilitas_pelayanan_kesehatan_tingkat_pertama_praktik_mandiri_bidan_rawat_jalan_l_+_p,4.0
5,,KOTA BATU,fasilitas_pelayanan_kesehatan_tingkat_pertama_praktik_mandiri_bidan_rawat_inap_l,0.0
5,,KOTA BATU,fasilitas_pelayanan_kesehatan_tingkat_pertama_praktik_mandiri_bidan_rawat_inap_p,0.0
5,,KOTA BATU,fasilitas_pelayanan_kesehatan_tingkat_pertama_praktik_mandiri_bidan_rawat_inap_l_+_p,0.0
5,,KOTA BATU,fasilitas_pelayanan_kesehatan_tingkat_pertama_praktik_mandiri_bidan_gangguan_jiwa_l,0.0
5,,KOTA BATU,fasilitas_pelayanan_kesehatan_tingkat_pertama_praktik_mandiri_bidan_gangguan_jiwa_p,0.0
5,,KOTA BATU,fasilitas_pelayanan_kesehatan_tingkat_pertama_praktik_mandiri_bidan_gangguan_jiwa_l_+_p,0.0
5,,KAB. PACITAN,fasilitas_pelayanan_kesehatan_tingkat_pertama_praktik_mandiri_perawat_gangguan_jiwa_l_+_p,0.0
5,,KAB. PONOROGO,fasilitas_pelayanan_kesehatan_tingkat_pertama_praktik_mandiri_perawat_rawat_jalan_l,51909.0
5,,KAB. PONOROGO,fasilitas_pelayanan_kesehatan_tingkat_pertama_praktik_mandiri_perawat_rawat_jalan_p,50016.0
5,,KAB. PONOROGO,fasilitas_pelayanan_kesehatan_tingkat_pertama_praktik_mandiri_perawat_rawat_jalan_l_+_p,101925.0
5,,KAB. PONOROGO,fasilitas_pelayanan_kesehatan_tingkat_pertama_praktik_mandiri_perawat_rawat_inap_l,0.0
5,,KAB. PONOROGO,fasilitas_pelayanan_kesehatan_tingkat_pertama_praktik_mandiri_perawat_rawat_inap_p,0.0
5,,KAB. PONOROGO,fasilitas_pelayanan_kesehatan_tingkat_pertama_praktik_mandiri_perawat_rawat_inap_l_+_p,0.0
5,,KAB. PONOROGO,fasilitas_pelayanan_kesehatan_tingkat_pertama_praktik_mandiri_perawat_gangguan_jiwa_l_+_p,0.0
5,,KAB. TRENGGALEK,fasilitas_pelayanan_kesehatan_tingkat_pertama_praktik_mandiri_perawat_gangguan_jiwa_l_+_p,0.0
5,,KAB. TULUNGAGUNG,fasilitas_pelayanan_kesehatan_tingkat_pertama_praktik_mandiri_perawat_gangguan_jiwa_l_+_p,0.0
5,,KAB. BLITAR,fasilitas_pelayanan_kesehatan_tingkat_pertama_praktik_mandiri_perawat_rawat_jalan_l,9520.0
5,,KAB. BLITAR,fasilitas_pelayanan_kesehatan_tingkat_pertama_praktik_mandiri_perawat_rawat_jalan_p,9295.0
5,,KAB. BLITAR,fasilitas_pelayanan_kesehatan_tingkat_pertama_praktik_mandiri_perawat_rawat_jalan_l_+_p,18815.0
5,,KAB. BLITAR,fasilitas_pelayanan_kesehatan_tingkat_pertama_praktik_mandiri_perawat_gangguan_jiwa_l_+_p,0.0
5,,KAB. KEDIRI,fasilitas_pelayanan_kesehatan_tingkat_pertama_praktik_mandiri_perawat_gangguan_jiwa_l_+_p,0.0
5,,KAB. MALANG,fasilitas_pelayanan_kesehatan_tingkat_pertama_praktik_mandiri_perawat_gangguan_jiwa_l_+_p,0.0
5,,KAB. LUMAJANG,fasilitas_pelayanan_kesehatan_tingkat_pertama_praktik_mandiri_perawat_rawat_jalan_l,41686.0
5,,KAB. LUMAJANG,fasilitas_pelayanan_kesehatan_tingkat_pertama_praktik_mandiri_perawat_rawat_jalan_p,46289.0
5,,KAB. LUMAJANG,fasilitas_pelayanan_kesehatan_tingkat_pertama_praktik_mandiri_perawat_rawat_jalan_l_+_p,87975.0
5,,KAB. LUMAJANG,fasilitas_pelayanan_kesehatan_tingkat_pertama_praktik_mandiri_perawat_gangguan_jiwa_l_+_p,0.0
5,,KAB. JEMBER,fasilitas_pelayanan_kesehatan_tingkat_pertama_praktik_mandiri_perawat_gangguan_jiwa_l_+_p,0.0
5,,KAB. BANYUWANGI,fasilitas_pelayanan_kesehatan_tingkat_pertama_praktik_mandiri_perawat_rawat_jalan_l,1955.0
5,,KAB. BANYUWANGI,fasilitas_pelayanan_kesehatan_tingkat_pertama_praktik_mandiri_perawat_rawat_jalan_p,1401.0
5,,KAB. BANYUWANGI,fasilitas_pelayanan_kesehatan_tingkat_pertama_praktik_mandiri_perawat_rawat_jalan_l_+_p,3356.0
5,,KAB. BANYUWANGI,fasilitas_pelayanan_kesehatan_tingkat_pertama_praktik_mandiri_perawat_gangguan_jiwa_l_+_p,0.0
5,,KAB. BONDOWOSO,fasilitas_pelayanan_kesehatan_tingkat_pertama_praktik_mandiri_perawat_rawat_jalan_l,10547.0
5,,KAB. BONDOWOSO,fasilitas_pelayanan_kesehatan_tingkat_pertama_praktik_mandiri_perawat_rawat_jalan_p,10167.0
5,,KAB. BONDOWOSO,fasilitas_pelayanan_kesehatan_tingkat_pertama_praktik_mandiri_perawat_rawat_jalan_l_+_p,20714.0
5,,KAB. BONDOWOSO,fasilitas_pelayanan_kesehatan_tingkat_pertama_praktik_mandiri_perawat_gangguan_jiwa_l_+_p,0.0
5,,KAB. SITUBONDO,fasilitas_pelayanan_kesehatan_tingkat_pertama_praktik_mandiri_perawat_rawat_jalan_l,11796.0
5,,KAB. SITUBONDO,fasilitas_pelayanan_kesehatan_tingkat_pertama_praktik_mandiri_perawat_rawat_jalan_p,11423.0
5,,KAB. SITUBONDO,fasilitas_pelayanan_kesehatan_tingkat_pertama_praktik_mandiri_perawat_rawat_jalan_l_+_p,23219.0
5,,KAB. SITUBONDO,fasilitas_pelayanan_kesehatan_tingkat_pertama_praktik_mandiri_perawat_rawat_inap_l,0.0
5,,KAB. SITUBONDO,fasilitas_pelayanan_kesehatan_tingkat_pertama_praktik_mandiri_perawat_rawat_inap_p,0.0
5,,KAB. SITUBONDO,fasilitas_pelayanan_kesehatan_tingkat_pertama_praktik_mandiri_perawat_rawat_inap_l_+_p,0.0
5,,KAB. SITUBONDO,fasilitas_pelayanan_kesehatan_tingkat_pertama_praktik_mandiri_perawat_gangguan_jiwa_l_+_p,0.0
5,,KAB. PROBOLINGGO,fasilitas_pelayanan_kesehatan_tingkat_pertama_praktik_mandiri_perawat_gangguan_jiwa_l_+_p,0.0
5,,KAB. PASURUAN,fasilitas_pelayanan_kesehatan_tingkat_pertama_praktik_mandiri_perawat_gangguan_jiwa_l_+_p,0.0
5,,KAB. SIDOARJO,fasilitas_pelayanan_kesehatan_tingkat_pertama_praktik_mandiri_perawat_rawat_jalan_l,7355.0
5,,KAB. SIDOARJO,fasilitas_pelayanan_kesehatan_tingkat_pertama_praktik_mandiri_perawat_rawat_jalan_p,10322.0
5,,KAB. SIDOARJO,fasilitas_pelayanan_kesehatan_tingkat_pertama_praktik_mandiri_perawat_rawat_jalan_l_+_p,17677.0
5,,KAB. SIDOARJO,fasilitas_pelayanan_kesehatan_tingkat_pertama_praktik_mandiri_perawat_rawat_inap_l,0.0
5,,KAB. SIDOARJO,fasilitas_pelayanan_kesehatan_tingkat_pertama_praktik_mandiri_perawat_rawat_inap_p,0.0
5,,KAB. SIDOARJO,fasilitas_pelayanan_kesehatan_tingkat_pertama_praktik_mandiri_perawat_rawat_inap_l_+_p,0.0
5,,KAB. SIDOARJO,fasilitas_pelayanan_kesehatan_tingkat_pertama_praktik_mandiri_perawat_gangguan_jiwa_l_+_p,0.0
5,,KAB. MOJOKERTO,fasilitas_pelayanan_kesehatan_tingkat_pertama_praktik_mandiri_perawat_gangguan_jiwa_l_+_p,0.0
5,,KAB. JOMBANG,fasilitas_pelayanan_kesehatan_tingkat_pertama_praktik_mandiri_perawat_rawat_jalan_l,29162.0
5,,KAB. JOMBANG,fasilitas_pelayanan_kesehatan_tingkat_pertama_praktik_mandiri_perawat_rawat_jalan_p,29436.0
5,,KAB. JOMBANG,fasilitas_pelayanan_kesehatan_tingkat_pertama_praktik_mandiri_perawat_rawat_jalan_l_+_p,58598.0
5,,KAB. JOMBANG,fasilitas_pelayanan_kesehatan_tingkat_pertama_praktik_mandiri_perawat_gangguan_jiwa_l_+_p,0.0
5,,KAB. NGANJUK,fasilitas_pelayanan_kesehatan_tingkat_pertama_praktik_mandiri_perawat_gangguan_jiwa_l_+_p,0.0
5,,KAB. MADIUN,fasilitas_pelayanan_kesehatan_tingkat_pertama_praktik_mandiri_perawat_gangguan_jiwa_l_+_p,0.0
5,,KAB. MAGETAN,fasilitas_pelayanan_kesehatan_tingkat_pertama_praktik_mandiri_perawat_gangguan_jiwa_l_+_p,0.0
5,,KAB. NGAWI,fasilitas_pelayanan_kesehatan_tingkat_pertama_praktik_mandiri_perawat_gangguan_jiwa_l_+_p,0.0
5,,KAB. BOJONEGORO,fasilitas_pelayanan_kesehatan_tingkat_pertama_praktik_mandiri_perawat_gangguan_jiwa_l_+_p,0.0
5,,KAB. TUBAN,fasilitas_pelayanan_kesehatan_tingkat_pertama_praktik_mandiri_perawat_rawat_jalan_l,21111.0
5,,KAB. TUBAN,fasilitas_pelayanan_kesehatan_tingkat_pertama_praktik_mandiri_perawat_rawat_jalan_p,18442.0
5,,KAB. TUBAN,fasilitas_pelayanan_kesehatan_tingkat_pertama_praktik_mandiri_perawat_rawat_jalan_l_+_p,39553.0
5,,KAB. TUBAN,fasilitas_pelayanan_kesehatan_tingkat_pertama_praktik_mandiri_perawat_rawat_inap_l,0.0
5,,KAB. TUBAN,fasilitas_pelayanan_kesehatan_tingkat_pertama_praktik_mandiri_perawat_rawat_inap_p,0.0
5,,KAB. TUBAN,fasilitas_pelayanan_kesehatan_tingkat_pertama_praktik_mandiri_perawat_rawat_inap_l_+_p,0.0
5,,KAB. TUBAN,fasilitas_pelayanan_kesehatan_tingkat_pertama_praktik_mandiri_perawat_gangguan_jiwa_l_+_p,0.0
5,,KAB. LAMONGAN,fasilitas_pelayanan_kesehatan_tingkat_pertama_praktik_mandiri_perawat_gangguan_jiwa_l_+_p,0.0
5,,KAB. GRESIK,fasilitas_pelayanan_kesehatan_tingkat_pertama_praktik_mandiri_perawat_gangguan_jiwa_l_+_p,0.0
5,,KAB. BANGKALAN,fasilitas_pelayanan_kesehatan_tingkat_pertama_praktik_mandiri_perawat_gangguan_jiwa_l_+_p,0.0
5,,KAB. SAMPANG,fasilitas_pelayanan_kesehatan_tingkat_pertama_praktik_mandiri_perawat_gangguan_jiwa_l_+_p,0.0
5,,KAB. PAMEKASAN,fasilitas_pelayanan_kesehatan_tingkat_pertama_praktik_mandiri_perawat_gangguan_jiwa_l_+_p,0.0
5,,KAB. SUMENEP,fasilitas_pelayanan_kesehatan_tingkat_pertama_praktik_mandiri_perawat_gangguan_jiwa_l_+_p,0.0
5,,KOTA KEDIRI,fasilitas_pelayanan_kesehatan_tingkat_pertama_praktik_mandiri_perawat_gangguan_jiwa_l_+_p,0.0
5,,KOTA BLITAR,fasilitas_pelayanan_kesehatan_tingkat_pertama_praktik_mandiri_perawat_gangguan_jiwa_l_+_p,0.0
5,,KOTA MALANG,fasilitas_pelayanan_kesehatan_tingkat_pertama_praktik_mandiri_perawat_gangguan_jiwa_l_+_p,0.0
5,,KOTA PROBOLINGGO,fasilitas_pelayanan_kesehatan_tingkat_pertama_praktik_mandiri_perawat_gangguan_jiwa_l_+_p,0.0
5,,KOTA PASURUAN,fasilitas_pelayanan_kesehatan_tingkat_pertama_praktik_mandiri_perawat_rawat_jalan_l,8174.0
5,,KOTA PASURUAN,fasilitas_pelayanan_kesehatan_tingkat_pertama_praktik_mandiri_perawat_rawat_jalan_p,8448.0
5,,KOTA PASURUAN,fasilitas_pelayanan_kesehatan_tingkat_pertama_praktik_mandiri_perawat_rawat_jalan_l_+_p,16622.0
5,,KOTA PASURUAN,fasilitas_pelayanan_kesehatan_tingkat_pertama_praktik_mandiri_perawat_rawat_inap_l,0.0
5,,KOTA PASURUAN,fasilitas_pelayanan_kesehatan_tingkat_pertama_praktik_mandiri_perawat_rawat_inap_p,0.0
5,,KOTA PASURUAN,fasilitas_pelayanan_kesehatan_tingkat_pertama_praktik_mandiri_perawat_rawat_inap_l_+_p,0.0
5,,KOTA PASURUAN,fasilitas_pelayanan_kesehatan_tingkat_pertama_praktik_mandiri_perawat_gangguan_jiwa_l_+_p,0.0
5,,KOTA MOJOKERTO,fasilitas_pelayanan_kesehatan_tingkat_pertama_praktik_mandiri_perawat_gangguan_jiwa_l_+_p,0.0
5,,KOTA MADIUN,fasilitas_pelayanan_kesehatan_tingkat_pertama_praktik_mandiri_perawat_gangguan_jiwa_l_+_p,0.0
5,,KOTA SURABAYA,fasilitas_pelayanan_kesehatan_tingkat_pertama_praktik_mandiri_perawat_gangguan_jiwa_l_+_p,0.0
5,,KOTA BATU,fasilitas_pelayanan_kesehatan_tingkat_pertama_praktik_mandiri_perawat_rawat_jalan_l,0.0
5,,KOTA BATU,fasilitas_pelayanan_kesehatan_tingkat_pertama_praktik_mandiri_perawat_rawat_jalan_p,0.0
5,,KOTA BATU,fasilitas_pelayanan_kesehatan_tingkat_pertama_praktik_mandiri_perawat_rawat_jalan_l_+_p,14806.0
5,,KOTA BATU,fasilitas_pelayanan_kesehatan_tingkat_pertama_praktik_mandiri_perawat_gangguan_jiwa_l,0.0
5,,KOTA BATU,fasilitas_pelayanan_kesehatan_tingkat_pertama_praktik_mandiri_perawat_gangguan_jiwa_p,0.0
5,,KOTA BATU,fasilitas_pelayanan_kesehatan_tingkat_pertama_praktik_mandiri_perawat_gangguan_jiwa_l_+_p,0.0
5,,KAB. PACITAN,fasilitas_pelayanan_kesehatan_tingkat_lanjut_klinik_utama_rawat_jalan_l,1473.0
5,,KAB. PACITAN,fasilitas_pelayanan_kesehatan_tingkat_lanjut_klinik_utama_rawat_jalan_p,3111.0
5,,KAB. PACITAN,fasilitas_pelayanan_kesehatan_tingkat_lanjut_klinik_utama_rawat_jalan_l_+_p,4584.0
5,,KAB. PACITAN,fasilitas_pelayanan_kesehatan_tingkat_lanjut_klinik_utama_rawat_inap_l,3.0
5,,KAB. PACITAN,fasilitas_pelayanan_kesehatan_tingkat_lanjut_klinik_utama_rawat_inap_p,12.0
5,,KAB. PACITAN,fasilitas_pelayanan_kesehatan_tingkat_lanjut_klinik_utama_rawat_inap_l_+_p,15.0
5,,KAB. PACITAN,fasilitas_pelayanan_kesehatan_tingkat_lanjut_klinik_utama_gangguan_jiwa_l_+_p,0.0
5,,KAB. PONOROGO,fasilitas_pelayanan_kesehatan_tingkat_lanjut_klinik_utama_rawat_jalan_l,23484.0
5,,KAB. PONOROGO,fasilitas_pelayanan_kesehatan_tingkat_lanjut_klinik_utama_rawat_jalan_p,35162.0
5,,KAB. PONOROGO,fasilitas_pelayanan_kesehatan_tingkat_lanjut_klinik_utama_rawat_jalan_l_+_p,58646.0
5,,KAB. PONOROGO,fasilitas_pelayanan_kesehatan_tingkat_lanjut_klinik_utama_rawat_inap_l,0.0
5,,KAB. PONOROGO,fasilitas_pelayanan_kesehatan_tingkat_lanjut_klinik_utama_rawat_inap_p,0.0
5,,KAB. PONOROGO,fasilitas_pelayanan_kesehatan_tingkat_lanjut_klinik_utama_rawat_inap_l_+_p,0.0
5,,KAB. PONOROGO,fasilitas_pelayanan_kesehatan_tingkat_lanjut_klinik_utama_gangguan_jiwa_l_+_p,0.0
5,,KAB. TRENGGALEK,fasilitas_pelayanan_kesehatan_tingkat_lanjut_klinik_utama_rawat_jalan_l,16191.0
5,,KAB. TRENGGALEK,fasilitas_pelayanan_kesehatan_tingkat_lanjut_klinik_utama_rawat_jalan_p,30670.0
5,,KAB. TRENGGALEK,fasilitas_pelayanan_kesehatan_tingkat_lanjut_klinik_utama_rawat_jalan_l_+_p,46861.0
5,,KAB. TRENGGALEK,fasilitas_pelayanan_kesehatan_tingkat_lanjut_klinik_utama_rawat_inap_l,0.0
5,,KAB. TRENGGALEK,fasilitas_pelayanan_kesehatan_tingkat_lanjut_klinik_utama_rawat_inap_p,42.0
5,,KAB. TRENGGALEK,fasilitas_pelayanan_kesehatan_tingkat_lanjut_klinik_utama_rawat_inap_l_+_p,42.0
5,,KAB. TRENGGALEK,fasilitas_pelayanan_kesehatan_tingkat_lanjut_klinik_utama_gangguan_jiwa_l_+_p,0.0
5,,KAB. TULUNGAGUNG,fasilitas_pelayanan_kesehatan_tingkat_lanjut_klinik_utama_rawat_jalan_l,38504.0
5,,KAB. TULUNGAGUNG,fasilitas_pelayanan_kesehatan_tingkat_lanjut_klinik_utama_rawat_jalan_p,44571.0
5,,KAB. TULUNGAGUNG,fasilitas_pelayanan_kesehatan_tingkat_lanjut_klinik_utama_rawat_jalan_l_+_p,83075.0
5,,KAB. TULUNGAGUNG,fasilitas_pelayanan_kesehatan_tingkat_lanjut_klinik_utama_rawat_inap_l,1189.0
5,,KAB. TULUNGAGUNG,fasilitas_pelayanan_kesehatan_tingkat_lanjut_klinik_utama_rawat_inap_p,2241.0
5,,KAB. TULUNGAGUNG,fasilitas_pelayanan_kesehatan_tingkat_lanjut_klinik_utama_rawat_inap_l_+_p,3430.0
5,,KAB. TULUNGAGUNG,fasilitas_pelayanan_kesehatan_tingkat_lanjut_klinik_utama_gangguan_jiwa_l,871.0
5,,KAB. TULUNGAGUNG,fasilitas_pelayanan_kesehatan_tingkat_lanjut_klinik_utama_gangguan_jiwa_p,1551.0
5,,KAB. TULUNGAGUNG,fasilitas_pelayanan_kesehatan_tingkat_lanjut_klinik_utama_gangguan_jiwa_l_+_p,2422.0
5,,KAB. BLITAR,fasilitas_pelayanan_kesehatan_tingkat_lanjut_klinik_utama_rawat_jalan_l,5123.0
5,,KAB. BLITAR,fasilitas_pelayanan_kesehatan_tingkat_lanjut_klinik_utama_rawat_jalan_p,14212.0
5,,KAB. BLITAR,fasilitas_pelayanan_kesehatan_tingkat_lanjut_klinik_utama_rawat_jalan_l_+_p,19335.0
5,,KAB. BLITAR,fasilitas_pelayanan_kesehatan_tingkat_lanjut_klinik_utama_rawat_inap_l,569.0
5,,KAB. BLITAR,fasilitas_pelayanan_kesehatan_tingkat_lanjut_klinik_utama_rawat_inap_p,1092.0
5,,KAB. BLITAR,fasilitas_pelayanan_kesehatan_tingkat_lanjut_klinik_utama_rawat_inap_l_+_p,1661.0
5,,KAB. BLITAR,fasilitas_pelayanan_kesehatan_tingkat_lanjut_klinik_utama_gangguan_jiwa_l_+_p,0.0
5,,KAB. KEDIRI,fasilitas_pelayanan_kesehatan_tingkat_lanjut_klinik_utama_rawat_jalan_l,7897.0
5,,KAB. KEDIRI,fasilitas_pelayanan_kesehatan_tingkat_lanjut_klinik_utama_rawat_jalan_p,8881.0
5,,KAB. KEDIRI,fasilitas_pelayanan_kesehatan_tingkat_lanjut_klinik_utama_rawat_jalan_l_+_p,16778.0
5,,KAB. KEDIRI,fasilitas_pelayanan_kesehatan_tingkat_lanjut_klinik_utama_rawat_inap_l,294.0
5,,KAB. KEDIRI,fasilitas_pelayanan_kesehatan_tingkat_lanjut_klinik_utama_rawat_inap_p,367.0
5,,KAB. KEDIRI,fasilitas_pelayanan_kesehatan_tingkat_lanjut_klinik_utama_rawat_inap_l_+_p,661.0
5,,KAB. KEDIRI,fasilitas_pelayanan_kesehatan_tingkat_lanjut_klinik_utama_gangguan_jiwa_l_+_p,0.0
5,,KAB. MALANG,fasilitas_pelayanan_kesehatan_tingkat_lanjut_klinik_utama_rawat_jalan_l,43830.0
5,,KAB. MALANG,fasilitas_pelayanan_kesehatan_tingkat_lanjut_klinik_utama_rawat_jalan_p,48176.0
5,,KAB. MALANG,fasilitas_pelayanan_kesehatan_tingkat_lanjut_klinik_utama_rawat_jalan_l_+_p,92006.0
5,,KAB. MALANG,fasilitas_pelayanan_kesehatan_tingkat_lanjut_klinik_utama_rawat_inap_l,1534.0
5,,KAB. MALANG,fasilitas_pelayanan_kesehatan_tingkat_lanjut_klinik_utama_rawat_inap_p,1805.0
5,,KAB. MALANG,fasilitas_pelayanan_kesehatan_tingkat_lanjut_klinik_utama_rawat_inap_l_+_p,3339.0
5,,KAB. MALANG,fasilitas_pelayanan_kesehatan_tingkat_lanjut_klinik_utama_gangguan_jiwa_l,489.0
5,,KAB. MALANG,fasilitas_pelayanan_kesehatan_tingkat_lanjut_klinik_utama_gangguan_jiwa_p,411.0
5,,KAB. MALANG,fasilitas_pelayanan_kesehatan_tingkat_lanjut_klinik_utama_gangguan_jiwa_l_+_p,900.0
5,,KAB. LUMAJANG,fasilitas_pelayanan_kesehatan_tingkat_lanjut_klinik_utama_rawat_jalan_l,5735.0
5,,KAB. LUMAJANG,fasilitas_pelayanan_kesehatan_tingkat_lanjut_klinik_utama_rawat_jalan_p,14623.0
5,,KAB. LUMAJANG,fasilitas_pelayanan_kesehatan_tingkat_lanjut_klinik_utama_rawat_jalan_l_+_p,20358.0
5,,KAB. LUMAJANG,fasilitas_pelayanan_kesehatan_tingkat_lanjut_klinik_utama_gangguan_jiwa_l_+_p,0.0
5,,KAB. JEMBER,fasilitas_pelayanan_kesehatan_tingkat_lanjut_klinik_utama_rawat_jalan_l,5637.0
5,,KAB. JEMBER,fasilitas_pelayanan_kesehatan_tingkat_lanjut_klinik_utama_rawat_jalan_p,9629.0
5,,KAB. JEMBER,fasilitas_pelayanan_kesehatan_tingkat_lanjut_klinik_utama_rawat_jalan_l_+_p,15266.0
5,,KAB. JEMBER,fasilitas_pelayanan_kesehatan_tingkat_lanjut_klinik_utama_rawat_inap_l,414.0
5,,KAB. JEMBER,fasilitas_pelayanan_kesehatan_tingkat_lanjut_klinik_utama_rawat_inap_p,475.0
5,,KAB. JEMBER,fasilitas_pelayanan_kesehatan_tingkat_lanjut_klinik_utama_rawat_inap_l_+_p,889.0
5,,KAB. JEMBER,fasilitas_pelayanan_kesehatan_tingkat_lanjut_klinik_utama_gangguan_jiwa_l_+_p,0.0
5,,KAB. BANYUWANGI,fasilitas_pelayanan_kesehatan_tingkat_lanjut_klinik_utama_rawat_jalan_l,315.0
5,,KAB. BANYUWANGI,fasilitas_pelayanan_kesehatan_tingkat_lanjut_klinik_utama_rawat_jalan_p,418.0
5,,KAB. BANYUWANGI,fasilitas_pelayanan_kesehatan_tingkat_lanjut_klinik_utama_rawat_jalan_l_+_p,733.0
5,,KAB. BANYUWANGI,fasilitas_pelayanan_kesehatan_tingkat_lanjut_klinik_utama_rawat_inap_l,0.0
5,,KAB. BANYUWANGI,fasilitas_pelayanan_kesehatan_tingkat_lanjut_klinik_utama_rawat_inap_p,0.0
5,,KAB. BANYUWANGI,fasilitas_pelayanan_kesehatan_tingkat_lanjut_klinik_utama_rawat_inap_l_+_p,0.0
5,,KAB. BANYUWANGI,fasilitas_pelayanan_kesehatan_tingkat_lanjut_klinik_utama_gangguan_jiwa_l_+_p,0.0
5,,KAB. BONDOWOSO,fasilitas_pelayanan_kesehatan_tingkat_lanjut_klinik_utama_rawat_jalan_l,315.0
5,,KAB. BONDOWOSO,fasilitas_pelayanan_kesehatan_tingkat_lanjut_klinik_utama_rawat_jalan_p,418.0
5,,KAB. BONDOWOSO,fasilitas_pelayanan_kesehatan_tingkat_lanjut_klinik_utama_rawat_jalan_l_+_p,733.0
5,,KAB. BONDOWOSO,fasilitas_pelayanan_kesehatan_tingkat_lanjut_klinik_utama_gangguan_jiwa_l_+_p,0.0
5,,KAB. SITUBONDO,fasilitas_pelayanan_kesehatan_tingkat_lanjut_klinik_utama_gangguan_jiwa_l_+_p,0.0
5,,KAB. PROBOLINGGO,fasilitas_pelayanan_kesehatan_tingkat_lanjut_klinik_utama_rawat_jalan_l,2442.0
5,,KAB. PROBOLINGGO,fasilitas_pelayanan_kesehatan_tingkat_lanjut_klinik_utama_rawat_jalan_p,5953.0
5,,KAB. PROBOLINGGO,fasilitas_pelayanan_kesehatan_tingkat_lanjut_klinik_utama_rawat_jalan_l_+_p,8395.0
5,,KAB. PROBOLINGGO,fasilitas_pelayanan_kesehatan_tingkat_lanjut_klinik_utama_rawat_inap_l,251.0
5,,KAB. PROBOLINGGO,fasilitas_pelayanan_kesehatan_tingkat_lanjut_klinik_utama_rawat_inap_p,224.0
5,,KAB. PROBOLINGGO,fasilitas_pelayanan_kesehatan_tingkat_lanjut_klinik_utama_rawat_inap_l_+_p,475.0
5,,KAB. PROBOLINGGO,fasilitas_pelayanan_kesehatan_tingkat_lanjut_klinik_utama_gangguan_jiwa_l_+_p,0.0
5,,KAB. PASURUAN,fasilitas_pelayanan_kesehatan_tingkat_lanjut_klinik_utama_rawat_jalan_l,29896.0
5,,KAB. PASURUAN,fasilitas_pelayanan_kesehatan_tingkat_lanjut_klinik_utama_rawat_jalan_p,34251.0
5,,KAB. PASURUAN,fasilitas_pelayanan_kesehatan_tingkat_lanjut_klinik_utama_rawat_jalan_l_+_p,64147.0
5,,KAB. PASURUAN,fasilitas_pelayanan_kesehatan_tingkat_lanjut_klinik_utama_rawat_inap_l,511.0
5,,KAB. PASURUAN,fasilitas_pelayanan_kesehatan_tingkat_lanjut_klinik_utama_rawat_inap_p,550.0
5,,KAB. PASURUAN,fasilitas_pelayanan_kesehatan_tingkat_lanjut_klinik_utama_rawat_inap_l_+_p,1061.0
5,,KAB. PASURUAN,fasilitas_pelayanan_kesehatan_tingkat_lanjut_klinik_utama_gangguan_jiwa_l_+_p,0.0
5,,KAB. SIDOARJO,fasilitas_pelayanan_kesehatan_tingkat_lanjut_klinik_utama_rawat_jalan_l,6555.0
5,,KAB. SIDOARJO,fasilitas_pelayanan_kesehatan_tingkat_lanjut_klinik_utama_rawat_jalan_p,12305.0
5,,KAB. SIDOARJO,fasilitas_pelayanan_kesehatan_tingkat_lanjut_klinik_utama_rawat_jalan_l_+_p,18860.0
5,,KAB. SIDOARJO,fasilitas_pelayanan_kesehatan_tingkat_lanjut_klinik_utama_rawat_inap_l,0.0
5,,KAB. SIDOARJO,fasilitas_pelayanan_kesehatan_tingkat_lanjut_klinik_utama_rawat_inap_p,0.0
5,,KAB. SIDOARJO,fasilitas_pelayanan_kesehatan_tingkat_lanjut_klinik_utama_rawat_inap_l_+_p,0.0
5,,KAB. SIDOARJO,fasilitas_pelayanan_kesehatan_tingkat_lanjut_klinik_utama_gangguan_jiwa_l_+_p,0.0
5,,KAB. MOJOKERTO,fasilitas_pelayanan_kesehatan_tingkat_lanjut_klinik_utama_rawat_jalan_l,6624.0
5,,KAB. MOJOKERTO,fasilitas_pelayanan_kesehatan_tingkat_lanjut_klinik_utama_rawat_jalan_p,11082.0
5,,KAB. MOJOKERTO,fasilitas_pelayanan_kesehatan_tingkat_lanjut_klinik_utama_rawat_jalan_l_+_p,17706.0
5,,KAB. MOJOKERTO,fasilitas_pelayanan_kesehatan_tingkat_lanjut_klinik_utama_rawat_inap_l,0.0
5,,KAB. MOJOKERTO,fasilitas_pelayanan_kesehatan_tingkat_lanjut_klinik_utama_rawat_inap_p,0.0
5,,KAB. MOJOKERTO,fasilitas_pelayanan_kesehatan_tingkat_lanjut_klinik_utama_rawat_inap_l_+_p,0.0
5,,KAB. MOJOKERTO,fasilitas_pelayanan_kesehatan_tingkat_lanjut_klinik_utama_gangguan_jiwa_l_+_p,0.0
5,,KAB. JOMBANG,fasilitas_pelayanan_kesehatan_tingkat_lanjut_klinik_utama_rawat_jalan_l,11466.0
5,,KAB. JOMBANG,fasilitas_pelayanan_kesehatan_tingkat_lanjut_klinik_utama_rawat_jalan_p,13970.0
5,,KAB. JOMBANG,fasilitas_pelayanan_kesehatan_tingkat_lanjut_klinik_utama_rawat_jalan_l_+_p,25436.0
5,,KAB. JOMBANG,fasilitas_pelayanan_kesehatan_tingkat_lanjut_klinik_utama_rawat_inap_l,85.0
5,,KAB. JOMBANG,fasilitas_pelayanan_kesehatan_tingkat_lanjut_klinik_utama_rawat_inap_p,93.0
5,,KAB. JOMBANG,fasilitas_pelayanan_kesehatan_tingkat_lanjut_klinik_utama_rawat_inap_l_+_p,178.0
5,,KAB. JOMBANG,fasilitas_pelayanan_kesehatan_tingkat_lanjut_klinik_utama_gangguan_jiwa_l_+_p,0.0
5,,KAB. NGANJUK,fasilitas_pelayanan_kesehatan_tingkat_lanjut_klinik_utama_rawat_jalan_l,21196.0
5,,KAB. NGANJUK,fasilitas_pelayanan_kesehatan_tingkat_lanjut_klinik_utama_rawat_jalan_p,25481.0
5,,KAB. NGANJUK,fasilitas_pelayanan_kesehatan_tingkat_lanjut_klinik_utama_rawat_jalan_l_+_p,46677.0
5,,KAB. NGANJUK,fasilitas_pelayanan_kesehatan_tingkat_lanjut_klinik_utama_rawat_inap_l,663.0
5,,KAB. NGANJUK,fasilitas_pelayanan_kesehatan_tingkat_lanjut_klinik_utama_rawat_inap_p,723.0
5,,KAB. NGANJUK,fasilitas_pelayanan_kesehatan_tingkat_lanjut_klinik_utama_rawat_inap_l_+_p,1386.0
5,,KAB. NGANJUK,fasilitas_pelayanan_kesehatan_tingkat_lanjut_klinik_utama_gangguan_jiwa_l,0.0
5,,KAB. NGANJUK,fasilitas_pelayanan_kesehatan_tingkat_lanjut_klinik_utama_gangguan_jiwa_p,0.0
5,,KAB. NGANJUK,fasilitas_pelayanan_kesehatan_tingkat_lanjut_klinik_utama_gangguan_jiwa_l_+_p,0.0
5,,KAB. MADIUN,fasilitas_pelayanan_kesehatan_tingkat_lanjut_klinik_utama_gangguan_jiwa_l_+_p,0.0
5,,KAB. MAGETAN,fasilitas_pelayanan_kesehatan_tingkat_lanjut_klinik_utama_rawat_jalan_l,3561.0
5,,KAB. MAGETAN,fasilitas_pelayanan_kesehatan_tingkat_lanjut_klinik_utama_rawat_jalan_p,10704.0
5,,KAB. MAGETAN,fasilitas_pelayanan_kesehatan_tingkat_lanjut_klinik_utama_rawat_jalan_l_+_p,14265.0
5,,KAB. MAGETAN,fasilitas_pelayanan_kesehatan_tingkat_lanjut_klinik_utama_rawat_inap_l,0.0
5,,KAB. MAGETAN,fasilitas_pelayanan_kesehatan_tingkat_lanjut_klinik_utama_rawat_inap_p,0.0
5,,KAB. MAGETAN,fasilitas_pelayanan_kesehatan_tingkat_lanjut_klinik_utama_rawat_inap_l_+_p,0.0
5,,KAB. MAGETAN,fasilitas_pelayanan_kesehatan_tingkat_lanjut_klinik_utama_gangguan_jiwa_l_+_p,0.0
5,,KAB. NGAWI,fasilitas_pelayanan_kesehatan_tingkat_lanjut_klinik_utama_rawat_jalan_l,1305.0
5,,KAB. NGAWI,fasilitas_pelayanan_kesehatan_tingkat_lanjut_klinik_utama_rawat_jalan_p,21350.0
5,,KAB. NGAWI,fasilitas_pelayanan_kesehatan_tingkat_lanjut_klinik_utama_rawat_jalan_l_+_p,22655.0
5,,KAB. NGAWI,fasilitas_pelayanan_kesehatan_tingkat_lanjut_klinik_utama_rawat_inap_l,42.0
5,,KAB. NGAWI,fasilitas_pelayanan_kesehatan_tingkat_lanjut_klinik_utama_rawat_inap_p,1433.0
5,,KAB. NGAWI,fasilitas_pelayanan_kesehatan_tingkat_lanjut_klinik_utama_rawat_inap_l_+_p,1475.0
5,,KAB. NGAWI,fasilitas_pelayanan_kesehatan_tingkat_lanjut_klinik_utama_gangguan_jiwa_l_+_p,0.0
5,,KAB. BOJONEGORO,fasilitas_pelayanan_kesehatan_tingkat_lanjut_klinik_utama_gangguan_jiwa_l_+_p,0.0
5,,KAB. TUBAN,fasilitas_pelayanan_kesehatan_tingkat_lanjut_klinik_utama_rawat_jalan_l,28341.0
5,,KAB. TUBAN,fasilitas_pelayanan_kesehatan_tingkat_lanjut_klinik_utama_rawat_jalan_p,30099.0
5,,KAB. TUBAN,fasilitas_pelayanan_kesehatan_tingkat_lanjut_klinik_utama_rawat_jalan_l_+_p,58440.0
5,,KAB. TUBAN,fasilitas_pelayanan_kesehatan_tingkat_lanjut_klinik_utama_rawat_inap_l,315.0
5,,KAB. TUBAN,fasilitas_pelayanan_kesehatan_tingkat_lanjut_klinik_utama_rawat_inap_p,451.0
5,,KAB. TUBAN,fasilitas_pelayanan_kesehatan_tingkat_lanjut_klinik_utama_rawat_inap_l_+_p,766.0
5,,KAB. TUBAN,fasilitas_pelayanan_kesehatan_tingkat_lanjut_klinik_utama_gangguan_jiwa_l_+_p,0.0
5,,KAB. LAMONGAN,fasilitas_pelayanan_kesehatan_tingkat_lanjut_klinik_utama_rawat_jalan_l,14069.0
5,,KAB. LAMONGAN,fasilitas_pelayanan_kesehatan_tingkat_lanjut_klinik_utama_rawat_jalan_p,21104.0
5,,KAB. LAMONGAN,fasilitas_pelayanan_kesehatan_tingkat_lanjut_klinik_utama_rawat_jalan_l_+_p,35173.0
5,,KAB. LAMONGAN,fasilitas_pelayanan_kesehatan_tingkat_lanjut_klinik_utama_rawat_inap_l,0.0
5,,KAB. LAMONGAN,fasilitas_pelayanan_kesehatan_tingkat_lanjut_klinik_utama_rawat_inap_p,0.0
5,,KAB. LAMONGAN,fasilitas_pelayanan_kesehatan_tingkat_lanjut_klinik_utama_rawat_inap_l_+_p,0.0
5,,KAB. LAMONGAN,fasilitas_pelayanan_kesehatan_tingkat_lanjut_klinik_utama_gangguan_jiwa_l_+_p,0.0
5,,KAB. GRESIK,fasilitas_pelayanan_kesehatan_tingkat_lanjut_klinik_utama_rawat_jalan_l,24995.0
5,,KAB. GRESIK,fasilitas_pelayanan_kesehatan_tingkat_lanjut_klinik_utama_rawat_jalan_p,37903.0
5,,KAB. GRESIK,fasilitas_pelayanan_kesehatan_tingkat_lanjut_klinik_utama_rawat_jalan_l_+_p,62898.0
5,,KAB. GRESIK,fasilitas_pelayanan_kesehatan_tingkat_lanjut_klinik_utama_rawat_inap_l,0.0
5,,KAB. GRESIK,fasilitas_pelayanan_kesehatan_tingkat_lanjut_klinik_utama_rawat_inap_p,0.0
5,,KAB. GRESIK,fasilitas_pelayanan_kesehatan_tingkat_lanjut_klinik_utama_rawat_inap_l_+_p,0.0
5,,KAB. GRESIK,fasilitas_pelayanan_kesehatan_tingkat_lanjut_klinik_utama_gangguan_jiwa_l_+_p,0.0
5,,KAB. BANGKALAN,fasilitas_pelayanan_kesehatan_tingkat_lanjut_klinik_utama_rawat_jalan_l,18130.0
5,,KAB. BANGKALAN,fasilitas_pelayanan_kesehatan_tingkat_lanjut_klinik_utama_rawat_jalan_p,24167.0
5,,KAB. BANGKALAN,fasilitas_pelayanan_kesehatan_tingkat_lanjut_klinik_utama_rawat_jalan_l_+_p,42297.0
5,,KAB. BANGKALAN,fasilitas_pelayanan_kesehatan_tingkat_lanjut_klinik_utama_rawat_inap_l,935.0
5,,KAB. BANGKALAN,fasilitas_pelayanan_kesehatan_tingkat_lanjut_klinik_utama_rawat_inap_p,947.0
5,,KAB. BANGKALAN,fasilitas_pelayanan_kesehatan_tingkat_lanjut_klinik_utama_rawat_inap_l_+_p,1882.0
5,,KAB. BANGKALAN,fasilitas_pelayanan_kesehatan_tingkat_lanjut_klinik_utama_gangguan_jiwa_l_+_p,0.0
5,,KAB. SAMPANG,fasilitas_pelayanan_kesehatan_tingkat_lanjut_klinik_utama_rawat_jalan_l,420.0
5,,KAB. SAMPANG,fasilitas_pelayanan_kesehatan_tingkat_lanjut_klinik_utama_rawat_jalan_p,7200.0
5,,KAB. SAMPANG,fasilitas_pelayanan_kesehatan_tingkat_lanjut_klinik_utama_rawat_jalan_l_+_p,7620.0
5,,KAB. SAMPANG,fasilitas_pelayanan_kesehatan_tingkat_lanjut_klinik_utama_rawat_inap_l,15.0
5,,KAB. SAMPANG,fasilitas_pelayanan_kesehatan_tingkat_lanjut_klinik_utama_rawat_inap_p,138.0
5,,KAB. SAMPANG,fasilitas_pelayanan_kesehatan_tingkat_lanjut_klinik_utama_rawat_inap_l_+_p,153.0
5,,KAB. SAMPANG,fasilitas_pelayanan_kesehatan_tingkat_lanjut_klinik_utama_gangguan_jiwa_l_+_p,0.0
5,,KAB. PAMEKASAN,fasilitas_pelayanan_kesehatan_tingkat_lanjut_klinik_utama_rawat_jalan_l,11353.0
5,,KAB. PAMEKASAN,fasilitas_pelayanan_kesehatan_tingkat_lanjut_klinik_utama_rawat_jalan_p,13723.0
5,,KAB. PAMEKASAN,fasilitas_pelayanan_kesehatan_tingkat_lanjut_klinik_utama_rawat_jalan_l_+_p,25076.0
5,,KAB. PAMEKASAN,fasilitas_pelayanan_kesehatan_tingkat_lanjut_klinik_utama_rawat_inap_l,117.0
5,,KAB. PAMEKASAN,fasilitas_pelayanan_kesehatan_tingkat_lanjut_klinik_utama_rawat_inap_p,127.0
5,,KAB. PAMEKASAN,fasilitas_pelayanan_kesehatan_tingkat_lanjut_klinik_utama_rawat_inap_l_+_p,244.0
5,,KAB. PAMEKASAN,fasilitas_pelayanan_kesehatan_tingkat_lanjut_klinik_utama_gangguan_jiwa_l_+_p,0.0
5,,KAB. SUMENEP,fasilitas_pelayanan_kesehatan_tingkat_lanjut_klinik_utama_rawat_jalan_l,13429.0
5,,KAB. SUMENEP,fasilitas_pelayanan_kesehatan_tingkat_lanjut_klinik_utama_rawat_jalan_p,16093.0
5,,KAB. SUMENEP,fasilitas_pelayanan_kesehatan_tingkat_lanjut_klinik_utama_rawat_jalan_l_+_p,29522.0
5,,KAB. SUMENEP,fasilitas_pelayanan_kesehatan_tingkat_lanjut_klinik_utama_rawat_inap_l,537.0
5,,KAB. SUMENEP,fasilitas_pelayanan_kesehatan_tingkat_lanjut_klinik_utama_rawat_inap_p,582.0
5,,KAB. SUMENEP,fasilitas_pelayanan_kesehatan_tingkat_lanjut_klinik_utama_rawat_inap_l_+_p,1119.0
5,,KAB. SUMENEP,fasilitas_pelayanan_kesehatan_tingkat_lanjut_klinik_utama_gangguan_jiwa_l_+_p,0.0
5,,KOTA KEDIRI,fasilitas_pelayanan_kesehatan_tingkat_lanjut_klinik_utama_gangguan_jiwa_l_+_p,0.0
5,,KOTA BLITAR,fasilitas_pelayanan_kesehatan_tingkat_lanjut_klinik_utama_rawat_jalan_l,2033.0
5,,KOTA BLITAR,fasilitas_pelayanan_kesehatan_tingkat_lanjut_klinik_utama_rawat_jalan_p,2749.0
5,,KOTA BLITAR,fasilitas_pelayanan_kesehatan_tingkat_lanjut_klinik_utama_rawat_jalan_l_+_p,4782.0
5,,KOTA BLITAR,fasilitas_pelayanan_kesehatan_tingkat_lanjut_klinik_utama_gangguan_jiwa_l_+_p,0.0
5,,KOTA MALANG,fasilitas_pelayanan_kesehatan_tingkat_lanjut_klinik_utama_gangguan_jiwa_l,89.0
5,,KOTA MALANG,fasilitas_pelayanan_kesehatan_tingkat_lanjut_klinik_utama_gangguan_jiwa_p,194.0
5,,KOTA MALANG,fasilitas_pelayanan_kesehatan_tingkat_lanjut_klinik_utama_gangguan_jiwa_l_+_p,283.0
5,,KOTA PROBOLINGGO,fasilitas_pelayanan_kesehatan_tingkat_lanjut_klinik_utama_rawat_jalan_l,908.0
5,,KOTA PROBOLINGGO,fasilitas_pelayanan_kesehatan_tingkat_lanjut_klinik_utama_rawat_jalan_p,1646.0
5,,KOTA PROBOLINGGO,fasilitas_pelayanan_kesehatan_tingkat_lanjut_klinik_utama_rawat_jalan_l_+_p,2554.0
5,,KOTA PROBOLINGGO,fasilitas_pelayanan_kesehatan_tingkat_lanjut_klinik_utama_rawat_inap_l,91.0
5,,KOTA PROBOLINGGO,fasilitas_pelayanan_kesehatan_tingkat_lanjut_klinik_utama_rawat_inap_p,98.0
5,,KOTA PROBOLINGGO,fasilitas_pelayanan_kesehatan_tingkat_lanjut_klinik_utama_rawat_inap_l_+_p,189.0
5,,KOTA PROBOLINGGO,fasilitas_pelayanan_kesehatan_tingkat_lanjut_klinik_utama_gangguan_jiwa_l_+_p,0.0
5,,KOTA PASURUAN,fasilitas_pelayanan_kesehatan_tingkat_lanjut_klinik_utama_rawat_jalan_l,14148.0
5,,KOTA PASURUAN,fasilitas_pelayanan_kesehatan_tingkat_lanjut_klinik_utama_rawat_jalan_p,15419.0
5,,KOTA PASURUAN,fasilitas_pelayanan_kesehatan_tingkat_lanjut_klinik_utama_rawat_jalan_l_+_p,29567.0
5,,KOTA PASURUAN,fasilitas_pelayanan_kesehatan_tingkat_lanjut_klinik_utama_rawat_inap_l,895.0
5,,KOTA PASURUAN,fasilitas_pelayanan_kesehatan_tingkat_lanjut_klinik_utama_rawat_inap_p,837.0
5,,KOTA PASURUAN,fasilitas_pelayanan_kesehatan_tingkat_lanjut_klinik_utama_rawat_inap_l_+_p,1732.0
5,,KOTA PASURUAN,fasilitas_pelayanan_kesehatan_tingkat_lanjut_klinik_utama_gangguan_jiwa_l_+_p,0.0
5,,KOTA MOJOKERTO,fasilitas_pelayanan_kesehatan_tingkat_lanjut_klinik_utama_rawat_jalan_l,11301.0
5,,KOTA MOJOKERTO,fasilitas_pelayanan_kesehatan_tingkat_lanjut_klinik_utama_rawat_jalan_p,11959.0
5,,KOTA MOJOKERTO,fasilitas_pelayanan_kesehatan_tingkat_lanjut_klinik_utama_rawat_jalan_l_+_p,23260.0
5,,KOTA MOJOKERTO,fasilitas_pelayanan_kesehatan_tingkat_lanjut_klinik_utama_rawat_inap_l,104.0
5,,KOTA MOJOKERTO,fasilitas_pelayanan_kesehatan_tingkat_lanjut_klinik_utama_rawat_inap_p,167.0
5,,KOTA MOJOKERTO,fasilitas_pelayanan_kesehatan_tingkat_lanjut_klinik_utama_rawat_inap_l_+_p,271.0
5,,KOTA MOJOKERTO,fasilitas_pelayanan_kesehatan_tingkat_lanjut_klinik_utama_gangguan_jiwa_l_+_p,0.0
5,,KOTA MADIUN,fasilitas_pelayanan_kesehatan_tingkat_lanjut_klinik_utama_rawat_jalan_l,18852.0
5,,KOTA MADIUN,fasilitas_pelayanan_kesehatan_tingkat_lanjut_klinik_utama_rawat_jalan_p,24159.0
5,,KOTA MADIUN,fasilitas_pelayanan_kesehatan_tingkat_lanjut_klinik_utama_rawat_jalan_l_+_p,43011.0
5,,KOTA MADIUN,fasilitas_pelayanan_kesehatan_tingkat_lanjut_klinik_utama_rawat_inap_l,0.0
5,,KOTA MADIUN,fasilitas_pelayanan_kesehatan_tingkat_lanjut_klinik_utama_rawat_inap_p,0.0
5,,KOTA MADIUN,fasilitas_pelayanan_kesehatan_tingkat_lanjut_klinik_utama_rawat_inap_l_+_p,0.0
5,,KOTA MADIUN,fasilitas_pelayanan_kesehatan_tingkat_lanjut_klinik_utama_gangguan_jiwa_l,97.0
5,,KOTA MADIUN,fasilitas_pelayanan_kesehatan_tingkat_lanjut_klinik_utama_gangguan_jiwa_p,83.0
5,,KOTA MADIUN,fasilitas_pelayanan_kesehatan_tingkat_lanjut_klinik_utama_gangguan_jiwa_l_+_p,180.0
5,,KOTA SURABAYA,fasilitas_pelayanan_kesehatan_tingkat_lanjut_klinik_utama_rawat_jalan_l,136060.0
5,,KOTA SURABAYA,fasilitas_pelayanan_kesehatan_tingkat_lanjut_klinik_utama_rawat_jalan_p,168000.0
5,,KOTA SURABAYA,fasilitas_pelayanan_kesehatan_tingkat_lanjut_klinik_utama_rawat_jalan_l_+_p,304060.0
5,,KOTA SURABAYA,fasilitas_pelayanan_kesehatan_tingkat_lanjut_klinik_utama_rawat_inap_l,8.0
5,,KOTA SURABAYA,fasilitas_pelayanan_kesehatan_tingkat_lanjut_klinik_utama_rawat_inap_p,7.0
5,,KOTA SURABAYA,fasilitas_pelayanan_kesehatan_tingkat_lanjut_klinik_utama_rawat_inap_l_+_p,15.0
5,,KOTA SURABAYA,fasilitas_pelayanan_kesehatan_tingkat_lanjut_klinik_utama_gangguan_jiwa_l,165.0
5,,KOTA SURABAYA,fasilitas_pelayanan_kesehatan_tingkat_lanjut_klinik_utama_gangguan_jiwa_p,170.0
5,,KOTA SURABAYA,fasilitas_pelayanan_kesehatan_tingkat_lanjut_klinik_utama_gangguan_jiwa_l_+_p,335.0
5,,KOTA BATU,fasilitas_pelayanan_kesehatan_tingkat_lanjut_klinik_utama_gangguan_jiwa_l_+_p,0.0
5,,KAB. PACITAN,fasilitas_pelayanan_kesehatan_tingkat_lanjut_rs_umum_rawat_jalan_l,78276.0
5,,KAB. PACITAN,fasilitas_pelayanan_kesehatan_tingkat_lanjut_rs_umum_rawat_jalan_p,101735.0
5,,KAB. PACITAN,fasilitas_pelayanan_kesehatan_tingkat_lanjut_rs_umum_rawat_jalan_l_+_p,180011.0
5,,KAB. PACITAN,fasilitas_pelayanan_kesehatan_tingkat_lanjut_rs_umum_rawat_inap_l,10266.0
5,,KAB. PACITAN,fasilitas_pelayanan_kesehatan_tingkat_lanjut_rs_umum_rawat_inap_p,14863.0
5,,KAB. PACITAN,fasilitas_pelayanan_kesehatan_tingkat_lanjut_rs_umum_rawat_inap_l_+_p,25129.0
5,,KAB. PACITAN,fasilitas_pelayanan_kesehatan_tingkat_lanjut_rs_umum_gangguan_jiwa_l,2273.0
5,,KAB. PACITAN,fasilitas_pelayanan_kesehatan_tingkat_lanjut_rs_umum_gangguan_jiwa_p,2952.0
5,,KAB. PACITAN,fasilitas_pelayanan_kesehatan_tingkat_lanjut_rs_umum_gangguan_jiwa_l_+_p,5225.0
5,,KAB. PONOROGO,fasilitas_pelayanan_kesehatan_tingkat_lanjut_rs_umum_rawat_jalan_l,377265.0
5,,KAB. PONOROGO,fasilitas_pelayanan_kesehatan_tingkat_lanjut_rs_umum_rawat_jalan_p,427055.0
5,,KAB. PONOROGO,fasilitas_pelayanan_kesehatan_tingkat_lanjut_rs_umum_rawat_jalan_l_+_p,804320.0
5,,KAB. PONOROGO,fasilitas_pelayanan_kesehatan_tingkat_lanjut_rs_umum_rawat_inap_l,35738.0
5,,KAB. PONOROGO,fasilitas_pelayanan_kesehatan_tingkat_lanjut_rs_umum_rawat_inap_p,42307.0
5,,KAB. PONOROGO,fasilitas_pelayanan_kesehatan_tingkat_lanjut_rs_umum_rawat_inap_l_+_p,78045.0
5,,KAB. PONOROGO,fasilitas_pelayanan_kesehatan_tingkat_lanjut_rs_umum_gangguan_jiwa_l,876.0
5,,KAB. PONOROGO,fasilitas_pelayanan_kesehatan_tingkat_lanjut_rs_umum_gangguan_jiwa_p,1015.0
5,,KAB. PONOROGO,fasilitas_pelayanan_kesehatan_tingkat_lanjut_rs_umum_gangguan_jiwa_l_+_p,1891.0
5,,KAB. TRENGGALEK,fasilitas_pelayanan_kesehatan_tingkat_lanjut_rs_umum_rawat_jalan_l,65890.0
5,,KAB. TRENGGALEK,fasilitas_pelayanan_kesehatan_tingkat_lanjut_rs_umum_rawat_jalan_p,70933.0
5,,KAB. TRENGGALEK,fasilitas_pelayanan_kesehatan_tingkat_lanjut_rs_umum_rawat_jalan_l_+_p,136823.0
5,,KAB. TRENGGALEK,fasilitas_pelayanan_kesehatan_tingkat_lanjut_rs_umum_rawat_inap_l,9934.0
5,,KAB. TRENGGALEK,fasilitas_pelayanan_kesehatan_tingkat_lanjut_rs_umum_rawat_inap_p,12386.0
5,,KAB. TRENGGALEK,fasilitas_pelayanan_kesehatan_tingkat_lanjut_rs_umum_rawat_inap_l_+_p,22320.0
5,,KAB. TRENGGALEK,fasilitas_pelayanan_kesehatan_tingkat_lanjut_rs_umum_gangguan_jiwa_l,3905.0
5,,KAB. TRENGGALEK,fasilitas_pelayanan_kesehatan_tingkat_lanjut_rs_umum_gangguan_jiwa_p,3647.0
5,,KAB. TRENGGALEK,fasilitas_pelayanan_kesehatan_tingkat_lanjut_rs_umum_gangguan_jiwa_l_+_p,7552.0
5,,KAB. TULUNGAGUNG,fasilitas_pelayanan_kesehatan_tingkat_lanjut_rs_umum_rawat_jalan_l,278755.0
5,,KAB. TULUNGAGUNG,fasilitas_pelayanan_kesehatan_tingkat_lanjut_rs_umum_rawat_jalan_p,346982.0
5,,KAB. TULUNGAGUNG,fasilitas_pelayanan_kesehatan_tingkat_lanjut_rs_umum_rawat_jalan_l_+_p,625737.0
5,,KAB. TULUNGAGUNG,fasilitas_pelayanan_kesehatan_tingkat_lanjut_rs_umum_rawat_inap_l,34344.0
5,,KAB. TULUNGAGUNG,fasilitas_pelayanan_kesehatan_tingkat_lanjut_rs_umum_rawat_inap_p,40394.0
5,,KAB. TULUNGAGUNG,fasilitas_pelayanan_kesehatan_tingkat_lanjut_rs_umum_rawat_inap_l_+_p,74738.0
5,,KAB. TULUNGAGUNG,fasilitas_pelayanan_kesehatan_tingkat_lanjut_rs_umum_gangguan_jiwa_l,14003.0
5,,KAB. TULUNGAGUNG,fasilitas_pelayanan_kesehatan_tingkat_lanjut_rs_umum_gangguan_jiwa_p,18558.0
5,,KAB. TULUNGAGUNG,fasilitas_pelayanan_kesehatan_tingkat_lanjut_rs_umum_gangguan_jiwa_l_+_p,32561.0
5,,KAB. BLITAR,fasilitas_pelayanan_kesehatan_tingkat_lanjut_rs_umum_rawat_jalan_l,233813.0
5,,KAB. BLITAR,fasilitas_pelayanan_kesehatan_tingkat_lanjut_rs_umum_rawat_jalan_p,212161.0
5,,KAB. BLITAR,fasilitas_pelayanan_kesehatan_tingkat_lanjut_rs_umum_rawat_jalan_l_+_p,445974.0
5,,KAB. BLITAR,fasilitas_pelayanan_kesehatan_tingkat_lanjut_rs_umum_rawat_inap_l,20168.0
5,,KAB. BLITAR,fasilitas_pelayanan_kesehatan_tingkat_lanjut_rs_umum_rawat_inap_p,25061.0
5,,KAB. BLITAR,fasilitas_pelayanan_kesehatan_tingkat_lanjut_rs_umum_rawat_inap_l_+_p,45229.0
5,,KAB. BLITAR,fasilitas_pelayanan_kesehatan_tingkat_lanjut_rs_umum_gangguan_jiwa_l,3116.0
5,,KAB. BLITAR,fasilitas_pelayanan_kesehatan_tingkat_lanjut_rs_umum_gangguan_jiwa_p,4367.0
5,,KAB. BLITAR,fasilitas_pelayanan_kesehatan_tingkat_lanjut_rs_umum_gangguan_jiwa_l_+_p,7483.0
5,,KAB. KEDIRI,fasilitas_pelayanan_kesehatan_tingkat_lanjut_rs_umum_rawat_jalan_l,95156.0
5,,KAB. KEDIRI,fasilitas_pelayanan_kesehatan_tingkat_lanjut_rs_umum_rawat_jalan_p,117028.0
5,,KAB. KEDIRI,fasilitas_pelayanan_kesehatan_tingkat_lanjut_rs_umum_rawat_jalan_l_+_p,214404.0
5,,KAB. KEDIRI,fasilitas_pelayanan_kesehatan_tingkat_lanjut_rs_umum_rawat_inap_l,24495.0
5,,KAB. KEDIRI,fasilitas_pelayanan_kesehatan_tingkat_lanjut_rs_umum_rawat_inap_p,30145.0
5,,KAB. KEDIRI,fasilitas_pelayanan_kesehatan_tingkat_lanjut_rs_umum_rawat_inap_l_+_p,54640.0
5,,KAB. KEDIRI,fasilitas_pelayanan_kesehatan_tingkat_lanjut_rs_umum_gangguan_jiwa_l,4239.0
5,,KAB. KEDIRI,fasilitas_pelayanan_kesehatan_tingkat_lanjut_rs_umum_gangguan_jiwa_p,5119.0
5,,KAB. KEDIRI,fasilitas_pelayanan_kesehatan_tingkat_lanjut_rs_umum_gangguan_jiwa_l_+_p,9358.0
5,,KAB. MALANG,fasilitas_pelayanan_kesehatan_tingkat_lanjut_rs_umum_rawat_jalan_l,228392.0
5,,KAB. MALANG,fasilitas_pelayanan_kesehatan_tingkat_lanjut_rs_umum_rawat_jalan_p,321656.0
5,,KAB. MALANG,fasilitas_pelayanan_kesehatan_tingkat_lanjut_rs_umum_rawat_jalan_l_+_p,550048.0
5,,KAB. MALANG,fasilitas_pelayanan_kesehatan_tingkat_lanjut_rs_umum_rawat_inap_l,44723.0
5,,KAB. MALANG,fasilitas_pelayanan_kesehatan_tingkat_lanjut_rs_umum_rawat_inap_p,54255.0
5,,KAB. MALANG,fasilitas_pelayanan_kesehatan_tingkat_lanjut_rs_umum_rawat_inap_l_+_p,98978.0
5,,KAB. MALANG,fasilitas_pelayanan_kesehatan_tingkat_lanjut_rs_umum_gangguan_jiwa_l,10505.0
5,,KAB. MALANG,fasilitas_pelayanan_kesehatan_tingkat_lanjut_rs_umum_gangguan_jiwa_p,13997.0
5,,KAB. MALANG,fasilitas_pelayanan_kesehatan_tingkat_lanjut_rs_umum_gangguan_jiwa_l_+_p,24502.0
5,,KAB. LUMAJANG,fasilitas_pelayanan_kesehatan_tingkat_lanjut_rs_umum_rawat_jalan_l,214402.0
5,,KAB. LUMAJANG,fasilitas_pelayanan_kesehatan_tingkat_lanjut_rs_umum_rawat_jalan_p,280870.0
5,,KAB. LUMAJANG,fasilitas_pelayanan_kesehatan_tingkat_lanjut_rs_umum_rawat_jalan_l_+_p,495272.0
5,,KAB. LUMAJANG,fasilitas_pelayanan_kesehatan_tingkat_lanjut_rs_umum_rawat_inap_l,30400.0
5,,KAB. LUMAJANG,fasilitas_pelayanan_kesehatan_tingkat_lanjut_rs_umum_rawat_inap_p,40540.0
5,,KAB. LUMAJANG,fasilitas_pelayanan_kesehatan_tingkat_lanjut_rs_umum_rawat_inap_l_+_p,70940.0
5,,KAB. LUMAJANG,fasilitas_pelayanan_kesehatan_tingkat_lanjut_rs_umum_gangguan_jiwa_l,3893.0
5,,KAB. LUMAJANG,fasilitas_pelayanan_kesehatan_tingkat_lanjut_rs_umum_gangguan_jiwa_p,4723.0
5,,KAB. LUMAJANG,fasilitas_pelayanan_kesehatan_tingkat_lanjut_rs_umum_gangguan_jiwa_l_+_p,8616.0
5,,KAB. JEMBER,fasilitas_pelayanan_kesehatan_tingkat_lanjut_rs_umum_rawat_jalan_l,470725.0
5,,KAB. JEMBER,fasilitas_pelayanan_kesehatan_tingkat_lanjut_rs_umum_rawat_jalan_p,639435.0
5,,KAB. JEMBER,fasilitas_pelayanan_kesehatan_tingkat_lanjut_rs_umum_rawat_jalan_l_+_p,1110160.0
5,,KAB. JEMBER,fasilitas_pelayanan_kesehatan_tingkat_lanjut_rs_umum_rawat_inap_l,52692.0
5,,KAB. JEMBER,fasilitas_pelayanan_kesehatan_tingkat_lanjut_rs_umum_rawat_inap_p,74708.0
5,,KAB. JEMBER,fasilitas_pelayanan_kesehatan_tingkat_lanjut_rs_umum_rawat_inap_l_+_p,127400.0
5,,KAB. JEMBER,fasilitas_pelayanan_kesehatan_tingkat_lanjut_rs_umum_gangguan_jiwa_l,6953.0
5,,KAB. JEMBER,fasilitas_pelayanan_kesehatan_tingkat_lanjut_rs_umum_gangguan_jiwa_p,7147.0
5,,KAB. JEMBER,fasilitas_pelayanan_kesehatan_tingkat_lanjut_rs_umum_gangguan_jiwa_l_+_p,14100.0
5,,KAB. BANYUWANGI,fasilitas_pelayanan_kesehatan_tingkat_lanjut_rs_umum_rawat_jalan_l,291995.0
5,,KAB. BANYUWANGI,fasilitas_pelayanan_kesehatan_tingkat_lanjut_rs_umum_rawat_jalan_p,372374.0
5,,KAB. BANYUWANGI,fasilitas_pelayanan_kesehatan_tingkat_lanjut_rs_umum_rawat_jalan_l_+_p,664369.0
5,,KAB. BANYUWANGI,fasilitas_pelayanan_kesehatan_tingkat_lanjut_rs_umum_rawat_inap_l,45849.0
5,,KAB. BANYUWANGI,fasilitas_pelayanan_kesehatan_tingkat_lanjut_rs_umum_rawat_inap_p,57049.0
5,,KAB. BANYUWANGI,fasilitas_pelayanan_kesehatan_tingkat_lanjut_rs_umum_rawat_inap_l_+_p,102898.0
5,,KAB. BANYUWANGI,fasilitas_pelayanan_kesehatan_tingkat_lanjut_rs_umum_gangguan_jiwa_l,16655.0
5,,KAB. BANYUWANGI,fasilitas_pelayanan_kesehatan_tingkat_lanjut_rs_umum_gangguan_jiwa_p,21247.0
5,,KAB. BANYUWANGI,fasilitas_pelayanan_kesehatan_tingkat_lanjut_rs_umum_gangguan_jiwa_l_+_p,37902.0
5,,KAB. BONDOWOSO,fasilitas_pelayanan_kesehatan_tingkat_lanjut_rs_umum_rawat_jalan_l,180803.0
5,,KAB. BONDOWOSO,fasilitas_pelayanan_kesehatan_tingkat_lanjut_rs_umum_rawat_jalan_p,245172.0
5,,KAB. BONDOWOSO,fasilitas_pelayanan_kesehatan_tingkat_lanjut_rs_umum_rawat_jalan_l_+_p,425975.0
5,,KAB. BONDOWOSO,fasilitas_pelayanan_kesehatan_tingkat_lanjut_rs_umum_rawat_inap_l,15974.0
5,,KAB. BONDOWOSO,fasilitas_pelayanan_kesehatan_tingkat_lanjut_rs_umum_rawat_inap_p,22030.0
5,,KAB. BONDOWOSO,fasilitas_pelayanan_kesehatan_tingkat_lanjut_rs_umum_rawat_inap_l_+_p,38004.0
5,,KAB. BONDOWOSO,fasilitas_pelayanan_kesehatan_tingkat_lanjut_rs_umum_gangguan_jiwa_l,4490.0
5,,KAB. BONDOWOSO,fasilitas_pelayanan_kesehatan_tingkat_lanjut_rs_umum_gangguan_jiwa_p,4508.0
5,,KAB. BONDOWOSO,fasilitas_pelayanan_kesehatan_tingkat_lanjut_rs_umum_gangguan_jiwa_l_+_p,8998.0
5,,KAB. SITUBONDO,fasilitas_pelayanan_kesehatan_tingkat_lanjut_rs_umum_rawat_jalan_l,52501.0
5,,KAB. SITUBONDO,fasilitas_pelayanan_kesehatan_tingkat_lanjut_rs_umum_rawat_jalan_p,71758.0
5,,KAB. SITUBONDO,fasilitas_pelayanan_kesehatan_tingkat_lanjut_rs_umum_rawat_jalan_l_+_p,124259.0
5,,KAB. SITUBONDO,fasilitas_pelayanan_kesehatan_tingkat_lanjut_rs_umum_rawat_inap_l,18886.0
5,,KAB. SITUBONDO,fasilitas_pelayanan_kesehatan_tingkat_lanjut_rs_umum_rawat_inap_p,25022.0
5,,KAB. SITUBONDO,fasilitas_pelayanan_kesehatan_tingkat_lanjut_rs_umum_rawat_inap_l_+_p,43908.0
5,,KAB. SITUBONDO,fasilitas_pelayanan_kesehatan_tingkat_lanjut_rs_umum_gangguan_jiwa_l,38.0
5,,KAB. SITUBONDO,fasilitas_pelayanan_kesehatan_tingkat_lanjut_rs_umum_gangguan_jiwa_p,47.0
5,,KAB. SITUBONDO,fasilitas_pelayanan_kesehatan_tingkat_lanjut_rs_umum_gangguan_jiwa_l_+_p,85.0
5,,KAB. PROBOLINGGO,fasilitas_pelayanan_kesehatan_tingkat_lanjut_rs_umum_rawat_jalan_l,142636.0
5,,KAB. PROBOLINGGO,fasilitas_pelayanan_kesehatan_tingkat_lanjut_rs_umum_rawat_jalan_p,172167.0
5,,KAB. PROBOLINGGO,fasilitas_pelayanan_kesehatan_tingkat_lanjut_rs_umum_rawat_jalan_l_+_p,314803.0
5,,KAB. PROBOLINGGO,fasilitas_pelayanan_kesehatan_tingkat_lanjut_rs_umum_rawat_inap_l,25267.0
5,,KAB. PROBOLINGGO,fasilitas_pelayanan_kesehatan_tingkat_lanjut_rs_umum_rawat_inap_p,31913.0
5,,KAB. PROBOLINGGO,fasilitas_pelayanan_kesehatan_tingkat_lanjut_rs_umum_rawat_inap_l_+_p,57180.0
5,,KAB. PROBOLINGGO,fasilitas_pelayanan_kesehatan_tingkat_lanjut_rs_umum_gangguan_jiwa_l,3490.0
5,,KAB. PROBOLINGGO,fasilitas_pelayanan_kesehatan_tingkat_lanjut_rs_umum_gangguan_jiwa_p,3551.0
5,,KAB. PROBOLINGGO,fasilitas_pelayanan_kesehatan_tingkat_lanjut_rs_umum_gangguan_jiwa_l_+_p,7041.0
5,,KAB. PASURUAN,fasilitas_pelayanan_kesehatan_tingkat_lanjut_rs_umum_rawat_jalan_l,200837.0
5,,KAB. PASURUAN,fasilitas_pelayanan_kesehatan_tingkat_lanjut_rs_umum_rawat_jalan_p,280226.0
5,,KAB. PASURUAN,fasilitas_pelayanan_kesehatan_tingkat_lanjut_rs_umum_rawat_jalan_l_+_p,481063.0
5,,KAB. PASURUAN,fasilitas_pelayanan_kesehatan_tingkat_lanjut_rs_umum_rawat_inap_l,46774.0
5,,KAB. PASURUAN,fasilitas_pelayanan_kesehatan_tingkat_lanjut_rs_umum_rawat_inap_p,56152.0
5,,KAB. PASURUAN,fasilitas_pelayanan_kesehatan_tingkat_lanjut_rs_umum_rawat_inap_l_+_p,102926.0
5,,KAB. PASURUAN,fasilitas_pelayanan_kesehatan_tingkat_lanjut_rs_umum_gangguan_jiwa_l,2044.0
5,,KAB. PASURUAN,fasilitas_pelayanan_kesehatan_tingkat_lanjut_rs_umum_gangguan_jiwa_p,2474.0
5,,KAB. PASURUAN,fasilitas_pelayanan_kesehatan_tingkat_lanjut_rs_umum_gangguan_jiwa_l_+_p,4518.0
5,,KAB. SIDOARJO,fasilitas_pelayanan_kesehatan_tingkat_lanjut_rs_umum_rawat_jalan_l,149285.0
5,,KAB. SIDOARJO,fasilitas_pelayanan_kesehatan_tingkat_lanjut_rs_umum_rawat_jalan_p,178811.0
5,,KAB. SIDOARJO,fasilitas_pelayanan_kesehatan_tingkat_lanjut_rs_umum_rawat_jalan_l_+_p,328096.0
5,,KAB. SIDOARJO,fasilitas_pelayanan_kesehatan_tingkat_lanjut_rs_umum_rawat_inap_l,56885.0
5,,KAB. SIDOARJO,fasilitas_pelayanan_kesehatan_tingkat_lanjut_rs_umum_rawat_inap_p,66257.0
5,,KAB. SIDOARJO,fasilitas_pelayanan_kesehatan_tingkat_lanjut_rs_umum_rawat_inap_l_+_p,123142.0
5,,KAB. SIDOARJO,fasilitas_pelayanan_kesehatan_tingkat_lanjut_rs_umum_gangguan_jiwa_l,2551.0
5,,KAB. SIDOARJO,fasilitas_pelayanan_kesehatan_tingkat_lanjut_rs_umum_gangguan_jiwa_p,3189.0
5,,KAB. SIDOARJO,fasilitas_pelayanan_kesehatan_tingkat_lanjut_rs_umum_gangguan_jiwa_l_+_p,5740.0
5,,KAB. MOJOKERTO,fasilitas_pelayanan_kesehatan_tingkat_lanjut_rs_umum_rawat_jalan_l,231393.0
5,,KAB. MOJOKERTO,fasilitas_pelayanan_kesehatan_tingkat_lanjut_rs_umum_rawat_jalan_p,373922.0
5,,KAB. MOJOKERTO,fasilitas_pelayanan_kesehatan_tingkat_lanjut_rs_umum_rawat_jalan_l_+_p,605315.0
5,,KAB. MOJOKERTO,fasilitas_pelayanan_kesehatan_tingkat_lanjut_rs_umum_rawat_inap_l,40918.0
5,,KAB. MOJOKERTO,fasilitas_pelayanan_kesehatan_tingkat_lanjut_rs_umum_rawat_inap_p,56276.0
5,,KAB. MOJOKERTO,fasilitas_pelayanan_kesehatan_tingkat_lanjut_rs_umum_rawat_inap_l_+_p,97194.0
5,,KAB. MOJOKERTO,fasilitas_pelayanan_kesehatan_tingkat_lanjut_rs_umum_gangguan_jiwa_l,7112.0
5,,KAB. MOJOKERTO,fasilitas_pelayanan_kesehatan_tingkat_lanjut_rs_umum_gangguan_jiwa_p,11532.0
5,,KAB. MOJOKERTO,fasilitas_pelayanan_kesehatan_tingkat_lanjut_rs_umum_gangguan_jiwa_l_+_p,18644.0
5,,KAB. JOMBANG,fasilitas_pelayanan_kesehatan_tingkat_lanjut_rs_umum_rawat_jalan_l,40582.0
5,,KAB. JOMBANG,fasilitas_pelayanan_kesehatan_tingkat_lanjut_rs_umum_rawat_jalan_p,48615.0
5,,KAB. JOMBANG,fasilitas_pelayanan_kesehatan_tingkat_lanjut_rs_umum_rawat_jalan_l_+_p,89197.0
5,,KAB. JOMBANG,fasilitas_pelayanan_kesehatan_tingkat_lanjut_rs_umum_rawat_inap_l,23838.0
5,,KAB. JOMBANG,fasilitas_pelayanan_kesehatan_tingkat_lanjut_rs_umum_rawat_inap_p,29231.0
5,,KAB. JOMBANG,fasilitas_pelayanan_kesehatan_tingkat_lanjut_rs_umum_rawat_inap_l_+_p,53069.0
5,,KAB. JOMBANG,fasilitas_pelayanan_kesehatan_tingkat_lanjut_rs_umum_gangguan_jiwa_l,172.0
5,,KAB. JOMBANG,fasilitas_pelayanan_kesehatan_tingkat_lanjut_rs_umum_gangguan_jiwa_p,197.0
5,,KAB. JOMBANG,fasilitas_pelayanan_kesehatan_tingkat_lanjut_rs_umum_gangguan_jiwa_l_+_p,369.0
5,,KAB. NGANJUK,fasilitas_pelayanan_kesehatan_tingkat_lanjut_rs_umum_rawat_jalan_l,81500.0
5,,KAB. NGANJUK,fasilitas_pelayanan_kesehatan_tingkat_lanjut_rs_umum_rawat_jalan_p,109605.0
5,,KAB. NGANJUK,fasilitas_pelayanan_kesehatan_tingkat_lanjut_rs_umum_rawat_jalan_l_+_p,191105.0
5,,KAB. NGANJUK,fasilitas_pelayanan_kesehatan_tingkat_lanjut_rs_umum_rawat_inap_l,39894.0
5,,KAB. NGANJUK,fasilitas_pelayanan_kesehatan_tingkat_lanjut_rs_umum_rawat_inap_p,51206.0
5,,KAB. NGANJUK,fasilitas_pelayanan_kesehatan_tingkat_lanjut_rs_umum_rawat_inap_l_+_p,91100.0
5,,KAB. NGANJUK,fasilitas_pelayanan_kesehatan_tingkat_lanjut_rs_umum_gangguan_jiwa_l,3983.0
5,,KAB. NGANJUK,fasilitas_pelayanan_kesehatan_tingkat_lanjut_rs_umum_gangguan_jiwa_p,4424.0
5,,KAB. NGANJUK,fasilitas_pelayanan_kesehatan_tingkat_lanjut_rs_umum_gangguan_jiwa_l_+_p,8407.0
5,,KAB. MADIUN,fasilitas_pelayanan_kesehatan_tingkat_lanjut_rs_umum_rawat_jalan_l,124475.0
5,,KAB. MADIUN,fasilitas_pelayanan_kesehatan_tingkat_lanjut_rs_umum_rawat_jalan_p,144479.0
5,,KAB. MADIUN,fasilitas_pelayanan_kesehatan_tingkat_lanjut_rs_umum_rawat_jalan_l_+_p,268954.0
5,,KAB. MADIUN,fasilitas_pelayanan_kesehatan_tingkat_lanjut_rs_umum_rawat_inap_l,14315.0
5,,KAB. MADIUN,fasilitas_pelayanan_kesehatan_tingkat_lanjut_rs_umum_rawat_inap_p,14678.0
5,,KAB. MADIUN,fasilitas_pelayanan_kesehatan_tingkat_lanjut_rs_umum_rawat_inap_l_+_p,28993.0
5,,KAB. MADIUN,fasilitas_pelayanan_kesehatan_tingkat_lanjut_rs_umum_gangguan_jiwa_l,190.0
5,,KAB. MADIUN,fasilitas_pelayanan_kesehatan_tingkat_lanjut_rs_umum_gangguan_jiwa_p,70.0
5,,KAB. MADIUN,fasilitas_pelayanan_kesehatan_tingkat_lanjut_rs_umum_gangguan_jiwa_l_+_p,260.0
5,,KAB. MAGETAN,fasilitas_pelayanan_kesehatan_tingkat_lanjut_rs_umum_rawat_jalan_l,93336.0
5,,KAB. MAGETAN,fasilitas_pelayanan_kesehatan_tingkat_lanjut_rs_umum_rawat_jalan_p,117093.0
5,,KAB. MAGETAN,fasilitas_pelayanan_kesehatan_tingkat_lanjut_rs_umum_rawat_jalan_l_+_p,210429.0
5,,KAB. MAGETAN,fasilitas_pelayanan_kesehatan_tingkat_lanjut_rs_umum_rawat_inap_l,10562.0
5,,KAB. MAGETAN,fasilitas_pelayanan_kesehatan_tingkat_lanjut_rs_umum_rawat_inap_p,12344.0
5,,KAB. MAGETAN,fasilitas_pelayanan_kesehatan_tingkat_lanjut_rs_umum_rawat_inap_l_+_p,22906.0
5,,KAB. MAGETAN,fasilitas_pelayanan_kesehatan_tingkat_lanjut_rs_umum_gangguan_jiwa_l,361.0
5,,KAB. MAGETAN,fasilitas_pelayanan_kesehatan_tingkat_lanjut_rs_umum_gangguan_jiwa_p,529.0
5,,KAB. MAGETAN,fasilitas_pelayanan_kesehatan_tingkat_lanjut_rs_umum_gangguan_jiwa_l_+_p,890.0
5,,KAB. NGAWI,fasilitas_pelayanan_kesehatan_tingkat_lanjut_rs_umum_rawat_jalan_l,197292.0
5,,KAB. NGAWI,fasilitas_pelayanan_kesehatan_tingkat_lanjut_rs_umum_rawat_jalan_p,256906.0
5,,KAB. NGAWI,fasilitas_pelayanan_kesehatan_tingkat_lanjut_rs_umum_rawat_jalan_l_+_p,454198.0
5,,KAB. NGAWI,fasilitas_pelayanan_kesehatan_tingkat_lanjut_rs_umum_rawat_inap_l,16340.0
5,,KAB. NGAWI,fasilitas_pelayanan_kesehatan_tingkat_lanjut_rs_umum_rawat_inap_p,20804.0
5,,KAB. NGAWI,fasilitas_pelayanan_kesehatan_tingkat_lanjut_rs_umum_rawat_inap_l_+_p,37144.0
5,,KAB. NGAWI,fasilitas_pelayanan_kesehatan_tingkat_lanjut_rs_umum_gangguan_jiwa_l,903.0
5,,KAB. NGAWI,fasilitas_pelayanan_kesehatan_tingkat_lanjut_rs_umum_gangguan_jiwa_p,1105.0
5,,KAB. NGAWI,fasilitas_pelayanan_kesehatan_tingkat_lanjut_rs_umum_gangguan_jiwa_l_+_p,2008.0
5,,KAB. BOJONEGORO,fasilitas_pelayanan_kesehatan_tingkat_lanjut_rs_umum_rawat_jalan_l,766611.0
5,,KAB. BOJONEGORO,fasilitas_pelayanan_kesehatan_tingkat_lanjut_rs_umum_rawat_jalan_p,516517.0
5,,KAB. BOJONEGORO,fasilitas_pelayanan_kesehatan_tingkat_lanjut_rs_umum_rawat_jalan_l_+_p,1283128.0
5,,KAB. BOJONEGORO,fasilitas_pelayanan_kesehatan_tingkat_lanjut_rs_umum_rawat_inap_l,54372.0
5,,KAB. BOJONEGORO,fasilitas_pelayanan_kesehatan_tingkat_lanjut_rs_umum_rawat_inap_p,59577.0
5,,KAB. BOJONEGORO,fasilitas_pelayanan_kesehatan_tingkat_lanjut_rs_umum_rawat_inap_l_+_p,113949.0
5,,KAB. BOJONEGORO,fasilitas_pelayanan_kesehatan_tingkat_lanjut_rs_umum_gangguan_jiwa_l,7734.0
5,,KAB. BOJONEGORO,fasilitas_pelayanan_kesehatan_tingkat_lanjut_rs_umum_gangguan_jiwa_p,7812.0
5,,KAB. BOJONEGORO,fasilitas_pelayanan_kesehatan_tingkat_lanjut_rs_umum_gangguan_jiwa_l_+_p,15546.0
5,,KAB. TUBAN,fasilitas_pelayanan_kesehatan_tingkat_lanjut_rs_umum_rawat_jalan_l,174437.0
5,,KAB. TUBAN,fasilitas_pelayanan_kesehatan_tingkat_lanjut_rs_umum_rawat_jalan_p,207923.0
5,,KAB. TUBAN,fasilitas_pelayanan_kesehatan_tingkat_lanjut_rs_umum_rawat_jalan_l_+_p,382360.0
5,,KAB. TUBAN,fasilitas_pelayanan_kesehatan_tingkat_lanjut_rs_umum_rawat_inap_l,22051.0
5,,KAB. TUBAN,fasilitas_pelayanan_kesehatan_tingkat_lanjut_rs_umum_rawat_inap_p,33964.0
5,,KAB. TUBAN,fasilitas_pelayanan_kesehatan_tingkat_lanjut_rs_umum_rawat_inap_l_+_p,56015.0
5,,KAB. TUBAN,fasilitas_pelayanan_kesehatan_tingkat_lanjut_rs_umum_gangguan_jiwa_l,4249.0
5,,KAB. TUBAN,fasilitas_pelayanan_kesehatan_tingkat_lanjut_rs_umum_gangguan_jiwa_p,4731.0
5,,KAB. TUBAN,fasilitas_pelayanan_kesehatan_tingkat_lanjut_rs_umum_gangguan_jiwa_l_+_p,8980.0
5,,KAB. LAMONGAN,fasilitas_pelayanan_kesehatan_tingkat_lanjut_rs_umum_rawat_jalan_l,300225.0
5,,KAB. LAMONGAN,fasilitas_pelayanan_kesehatan_tingkat_lanjut_rs_umum_rawat_jalan_p,427949.0
5,,KAB. LAMONGAN,fasilitas_pelayanan_kesehatan_tingkat_lanjut_rs_umum_rawat_jalan_l_+_p,728174.0
5,,KAB. LAMONGAN,fasilitas_pelayanan_kesehatan_tingkat_lanjut_rs_umum_rawat_inap_l,43082.0
5,,KAB. LAMONGAN,fasilitas_pelayanan_kesehatan_tingkat_lanjut_rs_umum_rawat_inap_p,54764.0
5,,KAB. LAMONGAN,fasilitas_pelayanan_kesehatan_tingkat_lanjut_rs_umum_rawat_inap_l_+_p,97846.0
5,,KAB. LAMONGAN,fasilitas_pelayanan_kesehatan_tingkat_lanjut_rs_umum_gangguan_jiwa_l,3324.0
5,,KAB. LAMONGAN,fasilitas_pelayanan_kesehatan_tingkat_lanjut_rs_umum_gangguan_jiwa_p,3458.0
5,,KAB. LAMONGAN,fasilitas_pelayanan_kesehatan_tingkat_lanjut_rs_umum_gangguan_jiwa_l_+_p,6782.0
5,,KAB. GRESIK,fasilitas_pelayanan_kesehatan_tingkat_lanjut_rs_umum_rawat_jalan_l,599855.0
5,,KAB. GRESIK,fasilitas_pelayanan_kesehatan_tingkat_lanjut_rs_umum_rawat_jalan_p,756145.0
5,,KAB. GRESIK,fasilitas_pelayanan_kesehatan_tingkat_lanjut_rs_umum_rawat_jalan_l_+_p,1356000.0
5,,KAB. GRESIK,fasilitas_pelayanan_kesehatan_tingkat_lanjut_rs_umum_rawat_inap_l,51923.0
5,,KAB. GRESIK,fasilitas_pelayanan_kesehatan_tingkat_lanjut_rs_umum_rawat_inap_p,63382.0
5,,KAB. GRESIK,fasilitas_pelayanan_kesehatan_tingkat_lanjut_rs_umum_rawat_inap_l_+_p,115305.0
5,,KAB. GRESIK,fasilitas_pelayanan_kesehatan_tingkat_lanjut_rs_umum_gangguan_jiwa_l,8633.0
5,,KAB. GRESIK,fasilitas_pelayanan_kesehatan_tingkat_lanjut_rs_umum_gangguan_jiwa_p,8600.0
5,,KAB. GRESIK,fasilitas_pelayanan_kesehatan_tingkat_lanjut_rs_umum_gangguan_jiwa_l_+_p,17233.0
5,,KAB. BANGKALAN,fasilitas_pelayanan_kesehatan_tingkat_lanjut_rs_umum_rawat_jalan_l,134519.0
5,,KAB. BANGKALAN,fasilitas_pelayanan_kesehatan_tingkat_lanjut_rs_umum_rawat_jalan_p,173481.0
5,,KAB. BANGKALAN,fasilitas_pelayanan_kesehatan_tingkat_lanjut_rs_umum_rawat_jalan_l_+_p,308000.0
5,,KAB. BANGKALAN,fasilitas_pelayanan_kesehatan_tingkat_lanjut_rs_umum_rawat_inap_l,20794.0
5,,KAB. BANGKALAN,fasilitas_pelayanan_kesehatan_tingkat_lanjut_rs_umum_rawat_inap_p,19833.0
5,,KAB. BANGKALAN,fasilitas_pelayanan_kesehatan_tingkat_lanjut_rs_umum_rawat_inap_l_+_p,40627.0
5,,KAB. BANGKALAN,fasilitas_pelayanan_kesehatan_tingkat_lanjut_rs_umum_gangguan_jiwa_l_+_p,0.0
5,,KAB. SAMPANG,fasilitas_pelayanan_kesehatan_tingkat_lanjut_rs_umum_rawat_jalan_l,483346.0
5,,KAB. SAMPANG,fasilitas_pelayanan_kesehatan_tingkat_lanjut_rs_umum_rawat_jalan_p,399766.0
5,,KAB. SAMPANG,fasilitas_pelayanan_kesehatan_tingkat_lanjut_rs_umum_rawat_jalan_l_+_p,288511.0
5,,KAB. SAMPANG,fasilitas_pelayanan_kesehatan_tingkat_lanjut_rs_umum_rawat_inap_l,93676.0
5,,KAB. SAMPANG,fasilitas_pelayanan_kesehatan_tingkat_lanjut_rs_umum_rawat_inap_p,74069.0
5,,KAB. SAMPANG,fasilitas_pelayanan_kesehatan_tingkat_lanjut_rs_umum_rawat_inap_l_+_p,50724.0
5,,KAB. SAMPANG,fasilitas_pelayanan_kesehatan_tingkat_lanjut_rs_umum_gangguan_jiwa_l,7772.0
5,,KAB. SAMPANG,fasilitas_pelayanan_kesehatan_tingkat_lanjut_rs_umum_gangguan_jiwa_p,5811.0
5,,KAB. SAMPANG,fasilitas_pelayanan_kesehatan_tingkat_lanjut_rs_umum_gangguan_jiwa_l_+_p,13583.0
5,,KAB. PAMEKASAN,fasilitas_pelayanan_kesehatan_tingkat_lanjut_rs_umum_rawat_jalan_l,106372.0
5,,KAB. PAMEKASAN,fasilitas_pelayanan_kesehatan_tingkat_lanjut_rs_umum_rawat_jalan_p,126785.0
5,,KAB. PAMEKASAN,fasilitas_pelayanan_kesehatan_tingkat_lanjut_rs_umum_rawat_jalan_l_+_p,233157.0
5,,KAB. PAMEKASAN,fasilitas_pelayanan_kesehatan_tingkat_lanjut_rs_umum_rawat_inap_l,21084.0
5,,KAB. PAMEKASAN,fasilitas_pelayanan_kesehatan_tingkat_lanjut_rs_umum_rawat_inap_p,25078.0
5,,KAB. PAMEKASAN,fasilitas_pelayanan_kesehatan_tingkat_lanjut_rs_umum_rawat_inap_l_+_p,46162.0
5,,KAB. PAMEKASAN,fasilitas_pelayanan_kesehatan_tingkat_lanjut_rs_umum_gangguan_jiwa_l,4569.0
5,,KAB. PAMEKASAN,fasilitas_pelayanan_kesehatan_tingkat_lanjut_rs_umum_gangguan_jiwa_p,3280.0
5,,KAB. PAMEKASAN,fasilitas_pelayanan_kesehatan_tingkat_lanjut_rs_umum_gangguan_jiwa_l_+_p,7849.0
5,,KAB. SUMENEP,fasilitas_pelayanan_kesehatan_tingkat_lanjut_rs_umum_rawat_jalan_l,41539.0
5,,KAB. SUMENEP,fasilitas_pelayanan_kesehatan_tingkat_lanjut_rs_umum_rawat_jalan_p,50258.0
5,,KAB. SUMENEP,fasilitas_pelayanan_kesehatan_tingkat_lanjut_rs_umum_rawat_jalan_l_+_p,91797.0
5,,KAB. SUMENEP,fasilitas_pelayanan_kesehatan_tingkat_lanjut_rs_umum_rawat_inap_l,19131.0
5,,KAB. SUMENEP,fasilitas_pelayanan_kesehatan_tingkat_lanjut_rs_umum_rawat_inap_p,22938.0
5,,KAB. SUMENEP,fasilitas_pelayanan_kesehatan_tingkat_lanjut_rs_umum_rawat_inap_l_+_p,42069.0
5,,KAB. SUMENEP,fasilitas_pelayanan_kesehatan_tingkat_lanjut_rs_umum_gangguan_jiwa_l,2685.0
5,,KAB. SUMENEP,fasilitas_pelayanan_kesehatan_tingkat_lanjut_rs_umum_gangguan_jiwa_p,2367.0
5,,KAB. SUMENEP,fasilitas_pelayanan_kesehatan_tingkat_lanjut_rs_umum_gangguan_jiwa_l_+_p,5052.0
5,,KOTA KEDIRI,fasilitas_pelayanan_kesehatan_tingkat_lanjut_rs_umum_rawat_jalan_l,266665.0
5,,KOTA KEDIRI,fasilitas_pelayanan_kesehatan_tingkat_lanjut_rs_umum_rawat_jalan_p,339022.0
5,,KOTA KEDIRI,fasilitas_pelayanan_kesehatan_tingkat_lanjut_rs_umum_rawat_jalan_l_+_p,605687.0
5,,KOTA KEDIRI,fasilitas_pelayanan_kesehatan_tingkat_lanjut_rs_umum_rawat_inap_l,28777.0
5,,KOTA KEDIRI,fasilitas_pelayanan_kesehatan_tingkat_lanjut_rs_umum_rawat_inap_p,36253.0
5,,KOTA KEDIRI,fasilitas_pelayanan_kesehatan_tingkat_lanjut_rs_umum_rawat_inap_l_+_p,65030.0
5,,KOTA KEDIRI,fasilitas_pelayanan_kesehatan_tingkat_lanjut_rs_umum_gangguan_jiwa_l,6533.0
5,,KOTA KEDIRI,fasilitas_pelayanan_kesehatan_tingkat_lanjut_rs_umum_gangguan_jiwa_p,8564.0
5,,KOTA KEDIRI,fasilitas_pelayanan_kesehatan_tingkat_lanjut_rs_umum_gangguan_jiwa_l_+_p,15097.0
5,,KOTA BLITAR,fasilitas_pelayanan_kesehatan_tingkat_lanjut_rs_umum_rawat_jalan_l,172250.0
5,,KOTA BLITAR,fasilitas_pelayanan_kesehatan_tingkat_lanjut_rs_umum_rawat_jalan_p,220136.0
5,,KOTA BLITAR,fasilitas_pelayanan_kesehatan_tingkat_lanjut_rs_umum_rawat_jalan_l_+_p,392386.0
5,,KOTA BLITAR,fasilitas_pelayanan_kesehatan_tingkat_lanjut_rs_umum_rawat_inap_l,14447.0
5,,KOTA BLITAR,fasilitas_pelayanan_kesehatan_tingkat_lanjut_rs_umum_rawat_inap_p,16784.0
5,,KOTA BLITAR,fasilitas_pelayanan_kesehatan_tingkat_lanjut_rs_umum_rawat_inap_l_+_p,31231.0
5,,KOTA BLITAR,fasilitas_pelayanan_kesehatan_tingkat_lanjut_rs_umum_gangguan_jiwa_l,409.0
5,,KOTA BLITAR,fasilitas_pelayanan_kesehatan_tingkat_lanjut_rs_umum_gangguan_jiwa_p,970.0
5,,KOTA BLITAR,fasilitas_pelayanan_kesehatan_tingkat_lanjut_rs_umum_gangguan_jiwa_l_+_p,1379.0
5,,KOTA MALANG,fasilitas_pelayanan_kesehatan_tingkat_lanjut_rs_umum_rawat_jalan_l,3058978.0
5,,KOTA MALANG,fasilitas_pelayanan_kesehatan_tingkat_lanjut_rs_umum_rawat_jalan_p,2447752.0
5,,KOTA MALANG,fasilitas_pelayanan_kesehatan_tingkat_lanjut_rs_umum_rawat_jalan_l_+_p,1730368.0
5,,KOTA MALANG,fasilitas_pelayanan_kesehatan_tingkat_lanjut_rs_umum_rawat_inap_l,401758.0
5,,KOTA MALANG,fasilitas_pelayanan_kesehatan_tingkat_lanjut_rs_umum_rawat_inap_p,324988.0
5,,KOTA MALANG,fasilitas_pelayanan_kesehatan_tingkat_lanjut_rs_umum_rawat_inap_l_+_p,228503.0
5,,KOTA MALANG,fasilitas_pelayanan_kesehatan_tingkat_lanjut_rs_umum_gangguan_jiwa_l,11798.0
5,,KOTA MALANG,fasilitas_pelayanan_kesehatan_tingkat_lanjut_rs_umum_gangguan_jiwa_p,15826.0
5,,KOTA MALANG,fasilitas_pelayanan_kesehatan_tingkat_lanjut_rs_umum_gangguan_jiwa_l_+_p,27624.0
5,,KOTA PROBOLINGGO,fasilitas_pelayanan_kesehatan_tingkat_lanjut_rs_umum_rawat_jalan_l,61579.0
5,,KOTA PROBOLINGGO,fasilitas_pelayanan_kesehatan_tingkat_lanjut_rs_umum_rawat_jalan_p,79543.0
5,,KOTA PROBOLINGGO,fasilitas_pelayanan_kesehatan_tingkat_lanjut_rs_umum_rawat_jalan_l_+_p,141122.0
5,,KOTA PROBOLINGGO,fasilitas_pelayanan_kesehatan_tingkat_lanjut_rs_umum_rawat_inap_l,7569.0
5,,KOTA PROBOLINGGO,fasilitas_pelayanan_kesehatan_tingkat_lanjut_rs_umum_rawat_inap_p,10235.0
5,,KOTA PROBOLINGGO,fasilitas_pelayanan_kesehatan_tingkat_lanjut_rs_umum_rawat_inap_l_+_p,17804.0
5,,KOTA PROBOLINGGO,fasilitas_pelayanan_kesehatan_tingkat_lanjut_rs_umum_gangguan_jiwa_l,1656.0
5,,KOTA PROBOLINGGO,fasilitas_pelayanan_kesehatan_tingkat_lanjut_rs_umum_gangguan_jiwa_p,1353.0
5,,KOTA PROBOLINGGO,fasilitas_pelayanan_kesehatan_tingkat_lanjut_rs_umum_gangguan_jiwa_l_+_p,3009.0
5,,KOTA PASURUAN,fasilitas_pelayanan_kesehatan_tingkat_lanjut_rs_umum_rawat_jalan_l,50277.0
5,,KOTA PASURUAN,fasilitas_pelayanan_kesehatan_tingkat_lanjut_rs_umum_rawat_jalan_p,78709.0
5,,KOTA PASURUAN,fasilitas_pelayanan_kesehatan_tingkat_lanjut_rs_umum_rawat_jalan_l_+_p,128986.0
5,,KOTA PASURUAN,fasilitas_pelayanan_kesehatan_tingkat_lanjut_rs_umum_rawat_inap_l,9898.0
5,,KOTA PASURUAN,fasilitas_pelayanan_kesehatan_tingkat_lanjut_rs_umum_rawat_inap_p,13771.0
5,,KOTA PASURUAN,fasilitas_pelayanan_kesehatan_tingkat_lanjut_rs_umum_rawat_inap_l_+_p,23669.0
5,,KOTA PASURUAN,fasilitas_pelayanan_kesehatan_tingkat_lanjut_rs_umum_gangguan_jiwa_l,1265.0
5,,KOTA PASURUAN,fasilitas_pelayanan_kesehatan_tingkat_lanjut_rs_umum_gangguan_jiwa_p,1194.0
5,,KOTA PASURUAN,fasilitas_pelayanan_kesehatan_tingkat_lanjut_rs_umum_gangguan_jiwa_l_+_p,2459.0
5,,KOTA MOJOKERTO,fasilitas_pelayanan_kesehatan_tingkat_lanjut_rs_umum_rawat_jalan_l,191857.0
5,,KOTA MOJOKERTO,fasilitas_pelayanan_kesehatan_tingkat_lanjut_rs_umum_rawat_jalan_p,259579.0
5,,KOTA MOJOKERTO,fasilitas_pelayanan_kesehatan_tingkat_lanjut_rs_umum_rawat_jalan_l_+_p,451436.0
5,,KOTA MOJOKERTO,fasilitas_pelayanan_kesehatan_tingkat_lanjut_rs_umum_rawat_inap_l,19026.0
5,,KOTA MOJOKERTO,fasilitas_pelayanan_kesehatan_tingkat_lanjut_rs_umum_rawat_inap_p,25780.0
5,,KOTA MOJOKERTO,fasilitas_pelayanan_kesehatan_tingkat_lanjut_rs_umum_rawat_inap_l_+_p,44806.0
5,,KOTA MOJOKERTO,fasilitas_pelayanan_kesehatan_tingkat_lanjut_rs_umum_gangguan_jiwa_l,2729.0
5,,KOTA MOJOKERTO,fasilitas_pelayanan_kesehatan_tingkat_lanjut_rs_umum_gangguan_jiwa_p,4285.0
5,,KOTA MOJOKERTO,fasilitas_pelayanan_kesehatan_tingkat_lanjut_rs_umum_gangguan_jiwa_l_+_p,7014.0
5,,KOTA MADIUN,fasilitas_pelayanan_kesehatan_tingkat_lanjut_rs_umum_rawat_jalan_l,351078.0
5,,KOTA MADIUN,fasilitas_pelayanan_kesehatan_tingkat_lanjut_rs_umum_rawat_jalan_p,457449.0
5,,KOTA MADIUN,fasilitas_pelayanan_kesehatan_tingkat_lanjut_rs_umum_rawat_jalan_l_+_p,808527.0
5,,KOTA MADIUN,fasilitas_pelayanan_kesehatan_tingkat_lanjut_rs_umum_rawat_inap_l,29226.0
5,,KOTA MADIUN,fasilitas_pelayanan_kesehatan_tingkat_lanjut_rs_umum_rawat_inap_p,34770.0
5,,KOTA MADIUN,fasilitas_pelayanan_kesehatan_tingkat_lanjut_rs_umum_rawat_inap_l_+_p,63996.0
5,,KOTA MADIUN,fasilitas_pelayanan_kesehatan_tingkat_lanjut_rs_umum_gangguan_jiwa_l,7862.0
5,,KOTA MADIUN,fasilitas_pelayanan_kesehatan_tingkat_lanjut_rs_umum_gangguan_jiwa_p,9166.0
5,,KOTA MADIUN,fasilitas_pelayanan_kesehatan_tingkat_lanjut_rs_umum_gangguan_jiwa_l_+_p,17028.0
5,,KOTA SURABAYA,fasilitas_pelayanan_kesehatan_tingkat_lanjut_rs_umum_rawat_jalan_l,3484950.0
5,,KOTA SURABAYA,fasilitas_pelayanan_kesehatan_tingkat_lanjut_rs_umum_rawat_jalan_p,5290608.0
5,,KOTA SURABAYA,fasilitas_pelayanan_kesehatan_tingkat_lanjut_rs_umum_rawat_jalan_l_+_p,8775558.0
5,,KOTA SURABAYA,fasilitas_pelayanan_kesehatan_tingkat_lanjut_rs_umum_rawat_inap_l,657861.0
5,,KOTA SURABAYA,fasilitas_pelayanan_kesehatan_tingkat_lanjut_rs_umum_rawat_inap_p,954413.0
5,,KOTA SURABAYA,fasilitas_pelayanan_kesehatan_tingkat_lanjut_rs_umum_rawat_inap_l_+_p,1612274.0
5,,KOTA SURABAYA,fasilitas_pelayanan_kesehatan_tingkat_lanjut_rs_umum_gangguan_jiwa_l,50675.0
5,,KOTA SURABAYA,fasilitas_pelayanan_kesehatan_tingkat_lanjut_rs_umum_gangguan_jiwa_p,60968.0
5,,KOTA SURABAYA,fasilitas_pelayanan_kesehatan_tingkat_lanjut_rs_umum_gangguan_jiwa_l_+_p,111643.0
5,,KOTA BATU,fasilitas_pelayanan_kesehatan_tingkat_lanjut_rs_umum_rawat_jalan_l,104338.0
5,,KOTA BATU,fasilitas_pelayanan_kesehatan_tingkat_lanjut_rs_umum_rawat_jalan_p,143550.0
5,,KOTA BATU,fasilitas_pelayanan_kesehatan_tingkat_lanjut_rs_umum_rawat_jalan_l_+_p,247888.0
5,,KOTA BATU,fasilitas_pelayanan_kesehatan_tingkat_lanjut_rs_umum_rawat_inap_l,18507.0
5,,KOTA BATU,fasilitas_pelayanan_kesehatan_tingkat_lanjut_rs_umum_rawat_inap_p,23883.0
5,,KOTA BATU,fasilitas_pelayanan_kesehatan_tingkat_lanjut_rs_umum_rawat_inap_l_+_p,42390.0
5,,KOTA BATU,fasilitas_pelayanan_kesehatan_tingkat_lanjut_rs_umum_gangguan_jiwa_l,3443.0
5,,KOTA BATU,fasilitas_pelayanan_kesehatan_tingkat_lanjut_rs_umum_gangguan_jiwa_p,4485.0
5,,KOTA BATU,fasilitas_pelayanan_kesehatan_tingkat_lanjut_rs_umum_gangguan_jiwa_l_+_p,7928.0
5,,KAB. PACITAN,fasilitas_pelayanan_kesehatan_tingkat_lanjut_rs_khusus_rawat_jalan_l,0.0
5,,KAB. PACITAN,fasilitas_pelayanan_kesehatan_tingkat_lanjut_rs_khusus_rawat_jalan_p,0.0
5,,KAB. PACITAN,fasilitas_pelayanan_kesehatan_tingkat_lanjut_rs_khusus_rawat_jalan_l_+_p,0.0
5,,KAB. PACITAN,fasilitas_pelayanan_kesehatan_tingkat_lanjut_rs_khusus_rawat_inap_l,0.0
5,,KAB. PACITAN,fasilitas_pelayanan_kesehatan_tingkat_lanjut_rs_khusus_rawat_inap_p,0.0
5,,KAB. PACITAN,fasilitas_pelayanan_kesehatan_tingkat_lanjut_rs_khusus_rawat_inap_l_+_p,0.0
5,,KAB. PACITAN,fasilitas_pelayanan_kesehatan_tingkat_lanjut_rs_khusus_gangguan_jiwa_l,0.0
5,,KAB. PACITAN,fasilitas_pelayanan_kesehatan_tingkat_lanjut_rs_khusus_gangguan_jiwa_p,0.0
5,,KAB. PACITAN,fasilitas_pelayanan_kesehatan_tingkat_lanjut_rs_khusus_gangguan_jiwa_l_+_p,0.0
5,,KAB. PONOROGO,fasilitas_pelayanan_kesehatan_tingkat_lanjut_rs_khusus_rawat_jalan_l,0.0
5,,KAB. PONOROGO,fasilitas_pelayanan_kesehatan_tingkat_lanjut_rs_khusus_rawat_jalan_p,0.0
5,,KAB. PONOROGO,fasilitas_pelayanan_kesehatan_tingkat_lanjut_rs_khusus_rawat_jalan_l_+_p,0.0
5,,KAB. PONOROGO,fasilitas_pelayanan_kesehatan_tingkat_lanjut_rs_khusus_rawat_inap_l,0.0
5,,KAB. PONOROGO,fasilitas_pelayanan_kesehatan_tingkat_lanjut_rs_khusus_rawat_inap_p,0.0
5,,KAB. PONOROGO,fasilitas_pelayanan_kesehatan_tingkat_lanjut_rs_khusus_rawat_inap_l_+_p,0.0
5,,KAB. PONOROGO,fasilitas_pelayanan_kesehatan_tingkat_lanjut_rs_khusus_gangguan_jiwa_l,0.0
5,,KAB. PONOROGO,fasilitas_pelayanan_kesehatan_tingkat_lanjut_rs_khusus_gangguan_jiwa_p,0.0
5,,KAB. PONOROGO,fasilitas_pelayanan_kesehatan_tingkat_lanjut_rs_khusus_gangguan_jiwa_l_+_p,0.0
5,,KAB. TRENGGALEK,fasilitas_pelayanan_kesehatan_tingkat_lanjut_rs_khusus_rawat_jalan_l,0.0
5,,KAB. TRENGGALEK,fasilitas_pelayanan_kesehatan_tingkat_lanjut_rs_khusus_rawat_jalan_p,907.0
5,,KAB. TRENGGALEK,fasilitas_pelayanan_kesehatan_tingkat_lanjut_rs_khusus_rawat_jalan_l_+_p,907.0
5,,KAB. TRENGGALEK,fasilitas_pelayanan_kesehatan_tingkat_lanjut_rs_khusus_rawat_inap_l,429.0
5,,KAB. TRENGGALEK,fasilitas_pelayanan_kesehatan_tingkat_lanjut_rs_khusus_rawat_inap_p,1228.0
5,,KAB. TRENGGALEK,fasilitas_pelayanan_kesehatan_tingkat_lanjut_rs_khusus_rawat_inap_l_+_p,1657.0
5,,KAB. TRENGGALEK,fasilitas_pelayanan_kesehatan_tingkat_lanjut_rs_khusus_gangguan_jiwa_l,0.0
5,,KAB. TRENGGALEK,fasilitas_pelayanan_kesehatan_tingkat_lanjut_rs_khusus_gangguan_jiwa_p,0.0
5,,KAB. TRENGGALEK,fasilitas_pelayanan_kesehatan_tingkat_lanjut_rs_khusus_gangguan_jiwa_l_+_p,0.0
5,,KAB. TULUNGAGUNG,fasilitas_pelayanan_kesehatan_tingkat_lanjut_rs_khusus_rawat_jalan_l,13022.0
5,,KAB. TULUNGAGUNG,fasilitas_pelayanan_kesehatan_tingkat_lanjut_rs_khusus_rawat_jalan_p,22436.0
5,,KAB. TULUNGAGUNG,fasilitas_pelayanan_kesehatan_tingkat_lanjut_rs_khusus_rawat_jalan_l_+_p,35458.0
5,,KAB. TULUNGAGUNG,fasilitas_pelayanan_kesehatan_tingkat_lanjut_rs_khusus_rawat_inap_l,1960.0
5,,KAB. TULUNGAGUNG,fasilitas_pelayanan_kesehatan_tingkat_lanjut_rs_khusus_rawat_inap_p,4008.0
5,,KAB. TULUNGAGUNG,fasilitas_pelayanan_kesehatan_tingkat_lanjut_rs_khusus_rawat_inap_l_+_p,5968.0
5,,KAB. TULUNGAGUNG,fasilitas_pelayanan_kesehatan_tingkat_lanjut_rs_khusus_gangguan_jiwa_l,0.0
5,,KAB. TULUNGAGUNG,fasilitas_pelayanan_kesehatan_tingkat_lanjut_rs_khusus_gangguan_jiwa_p,0.0
5,,KAB. TULUNGAGUNG,fasilitas_pelayanan_kesehatan_tingkat_lanjut_rs_khusus_gangguan_jiwa_l_+_p,0.0
5,,KAB. BLITAR,fasilitas_pelayanan_kesehatan_tingkat_lanjut_rs_khusus_rawat_jalan_l,0.0
5,,KAB. BLITAR,fasilitas_pelayanan_kesehatan_tingkat_lanjut_rs_khusus_rawat_jalan_p,0.0
5,,KAB. BLITAR,fasilitas_pelayanan_kesehatan_tingkat_lanjut_rs_khusus_rawat_jalan_l_+_p,0.0
5,,KAB. BLITAR,fasilitas_pelayanan_kesehatan_tingkat_lanjut_rs_khusus_rawat_inap_l,0.0
5,,KAB. BLITAR,fasilitas_pelayanan_kesehatan_tingkat_lanjut_rs_khusus_rawat_inap_p,0.0
5,,KAB. BLITAR,fasilitas_pelayanan_kesehatan_tingkat_lanjut_rs_khusus_rawat_inap_l_+_p,0.0
5,,KAB. BLITAR,fasilitas_pelayanan_kesehatan_tingkat_lanjut_rs_khusus_gangguan_jiwa_l,0.0
5,,KAB. BLITAR,fasilitas_pelayanan_kesehatan_tingkat_lanjut_rs_khusus_gangguan_jiwa_p,0.0
5,,KAB. BLITAR,fasilitas_pelayanan_kesehatan_tingkat_lanjut_rs_khusus_gangguan_jiwa_l_+_p,0.0
5,,KAB. KEDIRI,fasilitas_pelayanan_kesehatan_tingkat_lanjut_rs_khusus_rawat_jalan_l,1183.0
5,,KAB. KEDIRI,fasilitas_pelayanan_kesehatan_tingkat_lanjut_rs_khusus_rawat_jalan_p,5367.0
5,,KAB. KEDIRI,fasilitas_pelayanan_kesehatan_tingkat_lanjut_rs_khusus_rawat_jalan_l_+_p,6550.0
5,,KAB. KEDIRI,fasilitas_pelayanan_kesehatan_tingkat_lanjut_rs_khusus_rawat_inap_l,101.0
5,,KAB. KEDIRI,fasilitas_pelayanan_kesehatan_tingkat_lanjut_rs_khusus_rawat_inap_p,523.0
5,,KAB. KEDIRI,fasilitas_pelayanan_kesehatan_tingkat_lanjut_rs_khusus_rawat_inap_l_+_p,624.0
5,,KAB. KEDIRI,fasilitas_pelayanan_kesehatan_tingkat_lanjut_rs_khusus_gangguan_jiwa_l,0.0
5,,KAB. KEDIRI,fasilitas_pelayanan_kesehatan_tingkat_lanjut_rs_khusus_gangguan_jiwa_p,0.0
5,,KAB. KEDIRI,fasilitas_pelayanan_kesehatan_tingkat_lanjut_rs_khusus_gangguan_jiwa_l_+_p,0.0
5,,KAB. MALANG,fasilitas_pelayanan_kesehatan_tingkat_lanjut_rs_khusus_rawat_jalan_l,48293.0
5,,KAB. MALANG,fasilitas_pelayanan_kesehatan_tingkat_lanjut_rs_khusus_rawat_jalan_p,63008.0
5,,KAB. MALANG,fasilitas_pelayanan_kesehatan_tingkat_lanjut_rs_khusus_rawat_jalan_l_+_p,111301.0
5,,KAB. MALANG,fasilitas_pelayanan_kesehatan_tingkat_lanjut_rs_khusus_rawat_inap_l,7740.0
5,,KAB. MALANG,fasilitas_pelayanan_kesehatan_tingkat_lanjut_rs_khusus_rawat_inap_p,6128.0
5,,KAB. MALANG,fasilitas_pelayanan_kesehatan_tingkat_lanjut_rs_khusus_rawat_inap_l_+_p,13868.0
5,,KAB. MALANG,fasilitas_pelayanan_kesehatan_tingkat_lanjut_rs_khusus_gangguan_jiwa_l,25083.0
5,,KAB. MALANG,fasilitas_pelayanan_kesehatan_tingkat_lanjut_rs_khusus_gangguan_jiwa_p,15431.0
5,,KAB. MALANG,fasilitas_pelayanan_kesehatan_tingkat_lanjut_rs_khusus_gangguan_jiwa_l_+_p,40514.0
5,,KAB. LUMAJANG,fasilitas_pelayanan_kesehatan_tingkat_lanjut_rs_khusus_rawat_jalan_l,0.0
5,,KAB. LUMAJANG,fasilitas_pelayanan_kesehatan_tingkat_lanjut_rs_khusus_rawat_jalan_p,0.0
5,,KAB. LUMAJANG,fasilitas_pelayanan_kesehatan_tingkat_lanjut_rs_khusus_rawat_jalan_l_+_p,0.0
5,,KAB. LUMAJANG,fasilitas_pelayanan_kesehatan_tingkat_lanjut_rs_khusus_rawat_inap_l,0.0
5,,KAB. LUMAJANG,fasilitas_pelayanan_kesehatan_tingkat_lanjut_rs_khusus_rawat_inap_p,0.0
5,,KAB. LUMAJANG,fasilitas_pelayanan_kesehatan_tingkat_lanjut_rs_khusus_rawat_inap_l_+_p,0.0
5,,KAB. LUMAJANG,fasilitas_pelayanan_kesehatan_tingkat_lanjut_rs_khusus_gangguan_jiwa_l,0.0
5,,KAB. LUMAJANG,fasilitas_pelayanan_kesehatan_tingkat_lanjut_rs_khusus_gangguan_jiwa_p,0.0
5,,KAB. LUMAJANG,fasilitas_pelayanan_kesehatan_tingkat_lanjut_rs_khusus_gangguan_jiwa_l_+_p,0.0
5,,KAB. JEMBER,fasilitas_pelayanan_kesehatan_tingkat_lanjut_rs_khusus_rawat_jalan_l,31722.0
5,,KAB. JEMBER,fasilitas_pelayanan_kesehatan_tingkat_lanjut_rs_khusus_rawat_jalan_p,36330.0
5,,KAB. JEMBER,fasilitas_pelayanan_kesehatan_tingkat_lanjut_rs_khusus_rawat_jalan_l_+_p,68052.0
5,,KAB. JEMBER,fasilitas_pelayanan_kesehatan_tingkat_lanjut_rs_khusus_rawat_inap_l,9058.0
5,,KAB. JEMBER,fasilitas_pelayanan_kesehatan_tingkat_lanjut_rs_khusus_rawat_inap_p,7782.0
5,,KAB. JEMBER,fasilitas_pelayanan_kesehatan_tingkat_lanjut_rs_khusus_rawat_inap_l_+_p,16840.0
5,,KAB. JEMBER,fasilitas_pelayanan_kesehatan_tingkat_lanjut_rs_khusus_gangguan_jiwa_l,0.0
5,,KAB. JEMBER,fasilitas_pelayanan_kesehatan_tingkat_lanjut_rs_khusus_gangguan_jiwa_p,0.0
5,,KAB. JEMBER,fasilitas_pelayanan_kesehatan_tingkat_lanjut_rs_khusus_gangguan_jiwa_l_+_p,0.0
5,,KAB. BANYUWANGI,fasilitas_pelayanan_kesehatan_tingkat_lanjut_rs_khusus_rawat_jalan_l,0.0
5,,KAB. BANYUWANGI,fasilitas_pelayanan_kesehatan_tingkat_lanjut_rs_khusus_rawat_jalan_p,0.0
5,,KAB. BANYUWANGI,fasilitas_pelayanan_kesehatan_tingkat_lanjut_rs_khusus_rawat_jalan_l_+_p,0.0
5,,KAB. BANYUWANGI,fasilitas_pelayanan_kesehatan_tingkat_lanjut_rs_khusus_rawat_inap_l,0.0
5,,KAB. BANYUWANGI,fasilitas_pelayanan_kesehatan_tingkat_lanjut_rs_khusus_rawat_inap_p,0.0
5,,KAB. BANYUWANGI,fasilitas_pelayanan_kesehatan_tingkat_lanjut_rs_khusus_rawat_inap_l_+_p,0.0
5,,KAB. BANYUWANGI,fasilitas_pelayanan_kesehatan_tingkat_lanjut_rs_khusus_gangguan_jiwa_l,0.0
5,,KAB. BANYUWANGI,fasilitas_pelayanan_kesehatan_tingkat_lanjut_rs_khusus_gangguan_jiwa_p,0.0
5,,KAB. BANYUWANGI,fasilitas_pelayanan_kesehatan_tingkat_lanjut_rs_khusus_gangguan_jiwa_l_+_p,0.0
5,,KAB. BONDOWOSO,fasilitas_pelayanan_kesehatan_tingkat_lanjut_rs_khusus_rawat_jalan_l,0.0
5,,KAB. BONDOWOSO,fasilitas_pelayanan_kesehatan_tingkat_lanjut_rs_khusus_rawat_jalan_p,0.0
5,,KAB. BONDOWOSO,fasilitas_pelayanan_kesehatan_tingkat_lanjut_rs_khusus_rawat_jalan_l_+_p,0.0
5,,KAB. BONDOWOSO,fasilitas_pelayanan_kesehatan_tingkat_lanjut_rs_khusus_rawat_inap_l,0.0
5,,KAB. BONDOWOSO,fasilitas_pelayanan_kesehatan_tingkat_lanjut_rs_khusus_rawat_inap_p,0.0
5,,KAB. BONDOWOSO,fasilitas_pelayanan_kesehatan_tingkat_lanjut_rs_khusus_rawat_inap_l_+_p,0.0
5,,KAB. BONDOWOSO,fasilitas_pelayanan_kesehatan_tingkat_lanjut_rs_khusus_gangguan_jiwa_l,0.0
5,,KAB. BONDOWOSO,fasilitas_pelayanan_kesehatan_tingkat_lanjut_rs_khusus_gangguan_jiwa_p,0.0
5,,KAB. BONDOWOSO,fasilitas_pelayanan_kesehatan_tingkat_lanjut_rs_khusus_gangguan_jiwa_l_+_p,0.0
5,,KAB. SITUBONDO,fasilitas_pelayanan_kesehatan_tingkat_lanjut_rs_khusus_rawat_jalan_l,3442.0
5,,KAB. SITUBONDO,fasilitas_pelayanan_kesehatan_tingkat_lanjut_rs_khusus_rawat_jalan_p,10048.0
5,,KAB. SITUBONDO,fasilitas_pelayanan_kesehatan_tingkat_lanjut_rs_khusus_rawat_jalan_l_+_p,13490.0
5,,KAB. SITUBONDO,fasilitas_pelayanan_kesehatan_tingkat_lanjut_rs_khusus_rawat_inap_l,923.0
5,,KAB. SITUBONDO,fasilitas_pelayanan_kesehatan_tingkat_lanjut_rs_khusus_rawat_inap_p,1868.0
5,,KAB. SITUBONDO,fasilitas_pelayanan_kesehatan_tingkat_lanjut_rs_khusus_rawat_inap_l_+_p,2791.0
5,,KAB. SITUBONDO,fasilitas_pelayanan_kesehatan_tingkat_lanjut_rs_khusus_gangguan_jiwa_l,0.0
5,,KAB. SITUBONDO,fasilitas_pelayanan_kesehatan_tingkat_lanjut_rs_khusus_gangguan_jiwa_p,0.0
5,,KAB. SITUBONDO,fasilitas_pelayanan_kesehatan_tingkat_lanjut_rs_khusus_gangguan_jiwa_l_+_p,0.0
5,,KAB. PROBOLINGGO,fasilitas_pelayanan_kesehatan_tingkat_lanjut_rs_khusus_rawat_jalan_l,3779.0
5,,KAB. PROBOLINGGO,fasilitas_pelayanan_kesehatan_tingkat_lanjut_rs_khusus_rawat_jalan_p,6756.0
5,,KAB. PROBOLINGGO,fasilitas_pelayanan_kesehatan_tingkat_lanjut_rs_khusus_rawat_jalan_l_+_p,10535.0
5,,KAB. PROBOLINGGO,fasilitas_pelayanan_kesehatan_tingkat_lanjut_rs_khusus_rawat_inap_l,678.0
5,,KAB. PROBOLINGGO,fasilitas_pelayanan_kesehatan_tingkat_lanjut_rs_khusus_rawat_inap_p,2733.0
5,,KAB. PROBOLINGGO,fasilitas_pelayanan_kesehatan_tingkat_lanjut_rs_khusus_rawat_inap_l_+_p,3411.0
5,,KAB. PROBOLINGGO,fasilitas_pelayanan_kesehatan_tingkat_lanjut_rs_khusus_gangguan_jiwa_l,0.0
5,,KAB. PROBOLINGGO,fasilitas_pelayanan_kesehatan_tingkat_lanjut_rs_khusus_gangguan_jiwa_p,0.0
5,,KAB. PROBOLINGGO,fasilitas_pelayanan_kesehatan_tingkat_lanjut_rs_khusus_gangguan_jiwa_l_+_p,0.0
5,,KAB. PASURUAN,fasilitas_pelayanan_kesehatan_tingkat_lanjut_rs_khusus_rawat_jalan_l,0.0
5,,KAB. PASURUAN,fasilitas_pelayanan_kesehatan_tingkat_lanjut_rs_khusus_rawat_jalan_p,0.0
5,,KAB. PASURUAN,fasilitas_pelayanan_kesehatan_tingkat_lanjut_rs_khusus_rawat_jalan_l_+_p,0.0
5,,KAB. PASURUAN,fasilitas_pelayanan_kesehatan_tingkat_lanjut_rs_khusus_rawat_inap_l,0.0
5,,KAB. PASURUAN,fasilitas_pelayanan_kesehatan_tingkat_lanjut_rs_khusus_rawat_inap_p,0.0
5,,KAB. PASURUAN,fasilitas_pelayanan_kesehatan_tingkat_lanjut_rs_khusus_rawat_inap_l_+_p,0.0
5,,KAB. PASURUAN,fasilitas_pelayanan_kesehatan_tingkat_lanjut_rs_khusus_gangguan_jiwa_l,0.0
5,,KAB. PASURUAN,fasilitas_pelayanan_kesehatan_tingkat_lanjut_rs_khusus_gangguan_jiwa_p,0.0
5,,KAB. PASURUAN,fasilitas_pelayanan_kesehatan_tingkat_lanjut_rs_khusus_gangguan_jiwa_l_+_p,0.0
5,,KAB. SIDOARJO,fasilitas_pelayanan_kesehatan_tingkat_lanjut_rs_khusus_rawat_jalan_l,19763.0
5,,KAB. SIDOARJO,fasilitas_pelayanan_kesehatan_tingkat_lanjut_rs_khusus_rawat_jalan_p,32906.0
5,,KAB. SIDOARJO,fasilitas_pelayanan_kesehatan_tingkat_lanjut_rs_khusus_rawat_jalan_l_+_p,52669.0
5,,KAB. SIDOARJO,fasilitas_pelayanan_kesehatan_tingkat_lanjut_rs_khusus_rawat_inap_l,871.0
5,,KAB. SIDOARJO,fasilitas_pelayanan_kesehatan_tingkat_lanjut_rs_khusus_rawat_inap_p,1932.0
5,,KAB. SIDOARJO,fasilitas_pelayanan_kesehatan_tingkat_lanjut_rs_khusus_rawat_inap_l_+_p,2803.0
5,,KAB. SIDOARJO,fasilitas_pelayanan_kesehatan_tingkat_lanjut_rs_khusus_gangguan_jiwa_l,0.0
5,,KAB. SIDOARJO,fasilitas_pelayanan_kesehatan_tingkat_lanjut_rs_khusus_gangguan_jiwa_p,0.0
5,,KAB. SIDOARJO,fasilitas_pelayanan_kesehatan_tingkat_lanjut_rs_khusus_gangguan_jiwa_l_+_p,0.0
5,,KAB. MOJOKERTO,fasilitas_pelayanan_kesehatan_tingkat_lanjut_rs_khusus_rawat_jalan_l,0.0
5,,KAB. MOJOKERTO,fasilitas_pelayanan_kesehatan_tingkat_lanjut_rs_khusus_rawat_jalan_p,0.0
5,,KAB. MOJOKERTO,fasilitas_pelayanan_kesehatan_tingkat_lanjut_rs_khusus_rawat_jalan_l_+_p,0.0
5,,KAB. MOJOKERTO,fasilitas_pelayanan_kesehatan_tingkat_lanjut_rs_khusus_rawat_inap_l,0.0
5,,KAB. MOJOKERTO,fasilitas_pelayanan_kesehatan_tingkat_lanjut_rs_khusus_rawat_inap_p,0.0
5,,KAB. MOJOKERTO,fasilitas_pelayanan_kesehatan_tingkat_lanjut_rs_khusus_rawat_inap_l_+_p,0.0
5,,KAB. MOJOKERTO,fasilitas_pelayanan_kesehatan_tingkat_lanjut_rs_khusus_gangguan_jiwa_l,0.0
5,,KAB. MOJOKERTO,fasilitas_pelayanan_kesehatan_tingkat_lanjut_rs_khusus_gangguan_jiwa_p,0.0
5,,KAB. MOJOKERTO,fasilitas_pelayanan_kesehatan_tingkat_lanjut_rs_khusus_gangguan_jiwa_l_+_p,0.0
5,,KAB. JOMBANG,fasilitas_pelayanan_kesehatan_tingkat_lanjut_rs_khusus_rawat_jalan_l,1127.0
5,,KAB. JOMBANG,fasilitas_pelayanan_kesehatan_tingkat_lanjut_rs_khusus_rawat_jalan_p,4173.0
5,,KAB. JOMBANG,fasilitas_pelayanan_kesehatan_tingkat_lanjut_rs_khusus_rawat_jalan_l_+_p,5300.0
5,,KAB. JOMBANG,fasilitas_pelayanan_kesehatan_tingkat_lanjut_rs_khusus_rawat_inap_l,6029.0
5,,KAB. JOMBANG,fasilitas_pelayanan_kesehatan_tingkat_lanjut_rs_khusus_rawat_inap_p,2957.0
5,,KAB. JOMBANG,fasilitas_pelayanan_kesehatan_tingkat_lanjut_rs_khusus_rawat_inap_l_+_p,8986.0
5,,KAB. JOMBANG,fasilitas_pelayanan_kesehatan_tingkat_lanjut_rs_khusus_gangguan_jiwa_l,0.0
5,,KAB. JOMBANG,fasilitas_pelayanan_kesehatan_tingkat_lanjut_rs_khusus_gangguan_jiwa_p,0.0
5,,KAB. JOMBANG,fasilitas_pelayanan_kesehatan_tingkat_lanjut_rs_khusus_gangguan_jiwa_l_+_p,0.0
5,,KAB. NGANJUK,fasilitas_pelayanan_kesehatan_tingkat_lanjut_rs_khusus_rawat_jalan_l,0.0
5,,KAB. NGANJUK,fasilitas_pelayanan_kesehatan_tingkat_lanjut_rs_khusus_rawat_jalan_p,0.0
5,,KAB. NGANJUK,fasilitas_pelayanan_kesehatan_tingkat_lanjut_rs_khusus_rawat_jalan_l_+_p,0.0
5,,KAB. NGANJUK,fasilitas_pelayanan_kesehatan_tingkat_lanjut_rs_khusus_rawat_inap_l,0.0
5,,KAB. NGANJUK,fasilitas_pelayanan_kesehatan_tingkat_lanjut_rs_khusus_rawat_inap_p,0.0
5,,KAB. NGANJUK,fasilitas_pelayanan_kesehatan_tingkat_lanjut_rs_khusus_rawat_inap_l_+_p,0.0
5,,KAB. NGANJUK,fasilitas_pelayanan_kesehatan_tingkat_lanjut_rs_khusus_gangguan_jiwa_l,0.0
5,,KAB. NGANJUK,fasilitas_pelayanan_kesehatan_tingkat_lanjut_rs_khusus_gangguan_jiwa_p,0.0
5,,KAB. NGANJUK,fasilitas_pelayanan_kesehatan_tingkat_lanjut_rs_khusus_gangguan_jiwa_l_+_p,0.0
5,,KAB. MADIUN,fasilitas_pelayanan_kesehatan_tingkat_lanjut_rs_khusus_rawat_jalan_l,0.0
5,,KAB. MADIUN,fasilitas_pelayanan_kesehatan_tingkat_lanjut_rs_khusus_rawat_jalan_p,0.0
5,,KAB. MADIUN,fasilitas_pelayanan_kesehatan_tingkat_lanjut_rs_khusus_rawat_jalan_l_+_p,0.0
5,,KAB. MADIUN,fasilitas_pelayanan_kesehatan_tingkat_lanjut_rs_khusus_rawat_inap_l,0.0
5,,KAB. MADIUN,fasilitas_pelayanan_kesehatan_tingkat_lanjut_rs_khusus_rawat_inap_p,0.0
5,,KAB. MADIUN,fasilitas_pelayanan_kesehatan_tingkat_lanjut_rs_khusus_rawat_inap_l_+_p,0.0
5,,KAB. MADIUN,fasilitas_pelayanan_kesehatan_tingkat_lanjut_rs_khusus_gangguan_jiwa_l,0.0
5,,KAB. MADIUN,fasilitas_pelayanan_kesehatan_tingkat_lanjut_rs_khusus_gangguan_jiwa_p,0.0
5,,KAB. MADIUN,fasilitas_pelayanan_kesehatan_tingkat_lanjut_rs_khusus_gangguan_jiwa_l_+_p,0.0
5,,KAB. MAGETAN,fasilitas_pelayanan_kesehatan_tingkat_lanjut_rs_khusus_rawat_jalan_l,4064.0
5,,KAB. MAGETAN,fasilitas_pelayanan_kesehatan_tingkat_lanjut_rs_khusus_rawat_jalan_p,8675.0
5,,KAB. MAGETAN,fasilitas_pelayanan_kesehatan_tingkat_lanjut_rs_khusus_rawat_jalan_l_+_p,12739.0
5,,KAB. MAGETAN,fasilitas_pelayanan_kesehatan_tingkat_lanjut_rs_khusus_rawat_inap_l,229.0
5,,KAB. MAGETAN,fasilitas_pelayanan_kesehatan_tingkat_lanjut_rs_khusus_rawat_inap_p,994.0
5,,KAB. MAGETAN,fasilitas_pelayanan_kesehatan_tingkat_lanjut_rs_khusus_rawat_inap_l_+_p,1223.0
5,,KAB. MAGETAN,fasilitas_pelayanan_kesehatan_tingkat_lanjut_rs_khusus_gangguan_jiwa_l,0.0
5,,KAB. MAGETAN,fasilitas_pelayanan_kesehatan_tingkat_lanjut_rs_khusus_gangguan_jiwa_p,0.0
5,,KAB. MAGETAN,fasilitas_pelayanan_kesehatan_tingkat_lanjut_rs_khusus_gangguan_jiwa_l_+_p,0.0
5,,KAB. NGAWI,fasilitas_pelayanan_kesehatan_tingkat_lanjut_rs_khusus_rawat_jalan_l,0.0
5,,KAB. NGAWI,fasilitas_pelayanan_kesehatan_tingkat_lanjut_rs_khusus_rawat_jalan_p,0.0
5,,KAB. NGAWI,fasilitas_pelayanan_kesehatan_tingkat_lanjut_rs_khusus_rawat_jalan_l_+_p,0.0
5,,KAB. NGAWI,fasilitas_pelayanan_kesehatan_tingkat_lanjut_rs_khusus_rawat_inap_l,0.0
5,,KAB. NGAWI,fasilitas_pelayanan_kesehatan_tingkat_lanjut_rs_khusus_rawat_inap_p,0.0
5,,KAB. NGAWI,fasilitas_pelayanan_kesehatan_tingkat_lanjut_rs_khusus_rawat_inap_l_+_p,0.0
5,,KAB. NGAWI,fasilitas_pelayanan_kesehatan_tingkat_lanjut_rs_khusus_gangguan_jiwa_l,0.0
5,,KAB. NGAWI,fasilitas_pelayanan_kesehatan_tingkat_lanjut_rs_khusus_gangguan_jiwa_p,0.0
5,,KAB. NGAWI,fasilitas_pelayanan_kesehatan_tingkat_lanjut_rs_khusus_gangguan_jiwa_l_+_p,0.0
5,,KAB. BOJONEGORO,fasilitas_pelayanan_kesehatan_tingkat_lanjut_rs_khusus_rawat_jalan_l,9720.0
5,,KAB. BOJONEGORO,fasilitas_pelayanan_kesehatan_tingkat_lanjut_rs_khusus_rawat_jalan_p,31008.0
5,,KAB. BOJONEGORO,fasilitas_pelayanan_kesehatan_tingkat_lanjut_rs_khusus_rawat_jalan_l_+_p,40728.0
5,,KAB. BOJONEGORO,fasilitas_pelayanan_kesehatan_tingkat_lanjut_rs_khusus_rawat_inap_l,3815.0
5,,KAB. BOJONEGORO,fasilitas_pelayanan_kesehatan_tingkat_lanjut_rs_khusus_rawat_inap_p,8795.0
5,,KAB. BOJONEGORO,fasilitas_pelayanan_kesehatan_tingkat_lanjut_rs_khusus_rawat_inap_l_+_p,12610.0
5,,KAB. BOJONEGORO,fasilitas_pelayanan_kesehatan_tingkat_lanjut_rs_khusus_gangguan_jiwa_l,0.0
5,,KAB. BOJONEGORO,fasilitas_pelayanan_kesehatan_tingkat_lanjut_rs_khusus_gangguan_jiwa_p,0.0
5,,KAB. BOJONEGORO,fasilitas_pelayanan_kesehatan_tingkat_lanjut_rs_khusus_gangguan_jiwa_l_+_p,0.0
5,,KAB. TUBAN,fasilitas_pelayanan_kesehatan_tingkat_lanjut_rs_khusus_rawat_jalan_l,0.0
5,,KAB. TUBAN,fasilitas_pelayanan_kesehatan_tingkat_lanjut_rs_khusus_rawat_jalan_p,0.0
5,,KAB. TUBAN,fasilitas_pelayanan_kesehatan_tingkat_lanjut_rs_khusus_rawat_jalan_l_+_p,0.0
5,,KAB. TUBAN,fasilitas_pelayanan_kesehatan_tingkat_lanjut_rs_khusus_rawat_inap_l,0.0
5,,KAB. TUBAN,fasilitas_pelayanan_kesehatan_tingkat_lanjut_rs_khusus_rawat_inap_p,0.0
5,,KAB. TUBAN,fasilitas_pelayanan_kesehatan_tingkat_lanjut_rs_khusus_rawat_inap_l_+_p,0.0
5,,KAB. TUBAN,fasilitas_pelayanan_kesehatan_tingkat_lanjut_rs_khusus_gangguan_jiwa_l,0.0
5,,KAB. TUBAN,fasilitas_pelayanan_kesehatan_tingkat_lanjut_rs_khusus_gangguan_jiwa_p,0.0
5,,KAB. TUBAN,fasilitas_pelayanan_kesehatan_tingkat_lanjut_rs_khusus_gangguan_jiwa_l_+_p,0.0
5,,KAB. LAMONGAN,fasilitas_pelayanan_kesehatan_tingkat_lanjut_rs_khusus_rawat_jalan_l,5385.0
5,,KAB. LAMONGAN,fasilitas_pelayanan_kesehatan_tingkat_lanjut_rs_khusus_rawat_jalan_p,10427.0
5,,KAB. LAMONGAN,fasilitas_pelayanan_kesehatan_tingkat_lanjut_rs_khusus_rawat_jalan_l_+_p,15812.0
5,,KAB. LAMONGAN,fasilitas_pelayanan_kesehatan_tingkat_lanjut_rs_khusus_rawat_inap_l,1630.0
5,,KAB. LAMONGAN,fasilitas_pelayanan_kesehatan_tingkat_lanjut_rs_khusus_rawat_inap_p,1849.0
5,,KAB. LAMONGAN,fasilitas_pelayanan_kesehatan_tingkat_lanjut_rs_khusus_rawat_inap_l_+_p,3479.0
5,,KAB. LAMONGAN,fasilitas_pelayanan_kesehatan_tingkat_lanjut_rs_khusus_gangguan_jiwa_l,0.0
5,,KAB. LAMONGAN,fasilitas_pelayanan_kesehatan_tingkat_lanjut_rs_khusus_gangguan_jiwa_p,0.0
5,,KAB. LAMONGAN,fasilitas_pelayanan_kesehatan_tingkat_lanjut_rs_khusus_gangguan_jiwa_l_+_p,0.0
5,,KAB. GRESIK,fasilitas_pelayanan_kesehatan_tingkat_lanjut_rs_khusus_rawat_jalan_l,197.0
5,,KAB. GRESIK,fasilitas_pelayanan_kesehatan_tingkat_lanjut_rs_khusus_rawat_jalan_p,2325.0
5,,KAB. GRESIK,fasilitas_pelayanan_kesehatan_tingkat_lanjut_rs_khusus_rawat_jalan_l_+_p,2522.0
5,,KAB. GRESIK,fasilitas_pelayanan_kesehatan_tingkat_lanjut_rs_khusus_rawat_inap_l,655.0
5,,KAB. GRESIK,fasilitas_pelayanan_kesehatan_tingkat_lanjut_rs_khusus_rawat_inap_p,2059.0
5,,KAB. GRESIK,fasilitas_pelayanan_kesehatan_tingkat_lanjut_rs_khusus_rawat_inap_l_+_p,2714.0
5,,KAB. GRESIK,fasilitas_pelayanan_kesehatan_tingkat_lanjut_rs_khusus_gangguan_jiwa_l,0.0
5,,KAB. GRESIK,fasilitas_pelayanan_kesehatan_tingkat_lanjut_rs_khusus_gangguan_jiwa_p,0.0
5,,KAB. GRESIK,fasilitas_pelayanan_kesehatan_tingkat_lanjut_rs_khusus_gangguan_jiwa_l_+_p,0.0
5,,KAB. BANGKALAN,fasilitas_pelayanan_kesehatan_tingkat_lanjut_rs_khusus_rawat_jalan_l,4287.0
5,,KAB. BANGKALAN,fasilitas_pelayanan_kesehatan_tingkat_lanjut_rs_khusus_rawat_jalan_p,11575.0
5,,KAB. BANGKALAN,fasilitas_pelayanan_kesehatan_tingkat_lanjut_rs_khusus_rawat_jalan_l_+_p,15862.0
5,,KAB. BANGKALAN,fasilitas_pelayanan_kesehatan_tingkat_lanjut_rs_khusus_rawat_inap_l,755.0
5,,KAB. BANGKALAN,fasilitas_pelayanan_kesehatan_tingkat_lanjut_rs_khusus_rawat_inap_p,9263.0
5,,KAB. BANGKALAN,fasilitas_pelayanan_kesehatan_tingkat_lanjut_rs_khusus_rawat_inap_l_+_p,10018.0
5,,KAB. BANGKALAN,fasilitas_pelayanan_kesehatan_tingkat_lanjut_rs_khusus_gangguan_jiwa_l,0.0
5,,KAB. BANGKALAN,fasilitas_pelayanan_kesehatan_tingkat_lanjut_rs_khusus_gangguan_jiwa_p,0.0
5,,KAB. BANGKALAN,fasilitas_pelayanan_kesehatan_tingkat_lanjut_rs_khusus_gangguan_jiwa_l_+_p,0.0
5,,KAB. SAMPANG,fasilitas_pelayanan_kesehatan_tingkat_lanjut_rs_khusus_rawat_jalan_l,0.0
5,,KAB. SAMPANG,fasilitas_pelayanan_kesehatan_tingkat_lanjut_rs_khusus_rawat_jalan_p,0.0
5,,KAB. SAMPANG,fasilitas_pelayanan_kesehatan_tingkat_lanjut_rs_khusus_rawat_jalan_l_+_p,0.0
5,,KAB. SAMPANG,fasilitas_pelayanan_kesehatan_tingkat_lanjut_rs_khusus_rawat_inap_l,0.0
5,,KAB. SAMPANG,fasilitas_pelayanan_kesehatan_tingkat_lanjut_rs_khusus_rawat_inap_p,0.0
5,,KAB. SAMPANG,fasilitas_pelayanan_kesehatan_tingkat_lanjut_rs_khusus_rawat_inap_l_+_p,0.0
5,,KAB. SAMPANG,fasilitas_pelayanan_kesehatan_tingkat_lanjut_rs_khusus_gangguan_jiwa_l,0.0
5,,KAB. SAMPANG,fasilitas_pelayanan_kesehatan_tingkat_lanjut_rs_khusus_gangguan_jiwa_p,0.0
5,,KAB. SAMPANG,fasilitas_pelayanan_kesehatan_tingkat_lanjut_rs_khusus_gangguan_jiwa_l_+_p,0.0
5,,KAB. PAMEKASAN,fasilitas_pelayanan_kesehatan_tingkat_lanjut_rs_khusus_rawat_jalan_l,746.0
5,,KAB. PAMEKASAN,fasilitas_pelayanan_kesehatan_tingkat_lanjut_rs_khusus_rawat_jalan_p,14012.0
5,,KAB. PAMEKASAN,fasilitas_pelayanan_kesehatan_tingkat_lanjut_rs_khusus_rawat_jalan_l_+_p,14758.0
5,,KAB. PAMEKASAN,fasilitas_pelayanan_kesehatan_tingkat_lanjut_rs_khusus_rawat_inap_l,132.0
5,,KAB. PAMEKASAN,fasilitas_pelayanan_kesehatan_tingkat_lanjut_rs_khusus_rawat_inap_p,2332.0
5,,KAB. PAMEKASAN,fasilitas_pelayanan_kesehatan_tingkat_lanjut_rs_khusus_rawat_inap_l_+_p,2464.0
5,,KAB. PAMEKASAN,fasilitas_pelayanan_kesehatan_tingkat_lanjut_rs_khusus_gangguan_jiwa_l,0.0
5,,KAB. PAMEKASAN,fasilitas_pelayanan_kesehatan_tingkat_lanjut_rs_khusus_gangguan_jiwa_p,0.0
5,,KAB. PAMEKASAN,fasilitas_pelayanan_kesehatan_tingkat_lanjut_rs_khusus_gangguan_jiwa_l_+_p,0.0
5,,KAB. SUMENEP,fasilitas_pelayanan_kesehatan_tingkat_lanjut_rs_khusus_rawat_jalan_l,52.0
5,,KAB. SUMENEP,fasilitas_pelayanan_kesehatan_tingkat_lanjut_rs_khusus_rawat_jalan_p,1563.0
5,,KAB. SUMENEP,fasilitas_pelayanan_kesehatan_tingkat_lanjut_rs_khusus_rawat_jalan_l_+_p,1615.0
5,,KAB. SUMENEP,fasilitas_pelayanan_kesehatan_tingkat_lanjut_rs_khusus_rawat_inap_l,124.0
5,,KAB. SUMENEP,fasilitas_pelayanan_kesehatan_tingkat_lanjut_rs_khusus_rawat_inap_p,1142.0
5,,KAB. SUMENEP,fasilitas_pelayanan_kesehatan_tingkat_lanjut_rs_khusus_rawat_inap_l_+_p,1266.0
5,,KAB. SUMENEP,fasilitas_pelayanan_kesehatan_tingkat_lanjut_rs_khusus_gangguan_jiwa_l,0.0
5,,KAB. SUMENEP,fasilitas_pelayanan_kesehatan_tingkat_lanjut_rs_khusus_gangguan_jiwa_p,0.0
5,,KAB. SUMENEP,fasilitas_pelayanan_kesehatan_tingkat_lanjut_rs_khusus_gangguan_jiwa_l_+_p,0.0
5,,KOTA KEDIRI,fasilitas_pelayanan_kesehatan_tingkat_lanjut_rs_khusus_rawat_jalan_l,12160.0
5,,KOTA KEDIRI,fasilitas_pelayanan_kesehatan_tingkat_lanjut_rs_khusus_rawat_jalan_p,27938.0
5,,KOTA KEDIRI,fasilitas_pelayanan_kesehatan_tingkat_lanjut_rs_khusus_rawat_jalan_l_+_p,40098.0
5,,KOTA KEDIRI,fasilitas_pelayanan_kesehatan_tingkat_lanjut_rs_khusus_rawat_inap_l,1226.0
5,,KOTA KEDIRI,fasilitas_pelayanan_kesehatan_tingkat_lanjut_rs_khusus_rawat_inap_p,6221.0
5,,KOTA KEDIRI,fasilitas_pelayanan_kesehatan_tingkat_lanjut_rs_khusus_rawat_inap_l_+_p,7447.0
5,,KOTA KEDIRI,fasilitas_pelayanan_kesehatan_tingkat_lanjut_rs_khusus_gangguan_jiwa_l,0.0
5,,KOTA KEDIRI,fasilitas_pelayanan_kesehatan_tingkat_lanjut_rs_khusus_gangguan_jiwa_p,0.0
5,,KOTA KEDIRI,fasilitas_pelayanan_kesehatan_tingkat_lanjut_rs_khusus_gangguan_jiwa_l_+_p,0.0
5,,KOTA BLITAR,fasilitas_pelayanan_kesehatan_tingkat_lanjut_rs_khusus_rawat_jalan_l,0.0
5,,KOTA BLITAR,fasilitas_pelayanan_kesehatan_tingkat_lanjut_rs_khusus_rawat_jalan_p,0.0
5,,KOTA BLITAR,fasilitas_pelayanan_kesehatan_tingkat_lanjut_rs_khusus_rawat_jalan_l_+_p,0.0
5,,KOTA BLITAR,fasilitas_pelayanan_kesehatan_tingkat_lanjut_rs_khusus_rawat_inap_l,0.0
5,,KOTA BLITAR,fasilitas_pelayanan_kesehatan_tingkat_lanjut_rs_khusus_rawat_inap_p,0.0
5,,KOTA BLITAR,fasilitas_pelayanan_kesehatan_tingkat_lanjut_rs_khusus_rawat_inap_l_+_p,0.0
5,,KOTA BLITAR,fasilitas_pelayanan_kesehatan_tingkat_lanjut_rs_khusus_gangguan_jiwa_l,0.0
5,,KOTA BLITAR,fasilitas_pelayanan_kesehatan_tingkat_lanjut_rs_khusus_gangguan_jiwa_p,0.0
5,,KOTA BLITAR,fasilitas_pelayanan_kesehatan_tingkat_lanjut_rs_khusus_gangguan_jiwa_l_+_p,0.0
5,,KOTA MALANG,fasilitas_pelayanan_kesehatan_tingkat_lanjut_rs_khusus_rawat_jalan_l,52851.0
5,,KOTA MALANG,fasilitas_pelayanan_kesehatan_tingkat_lanjut_rs_khusus_rawat_jalan_p,118671.0
5,,KOTA MALANG,fasilitas_pelayanan_kesehatan_tingkat_lanjut_rs_khusus_rawat_jalan_l_+_p,171522.0
5,,KOTA MALANG,fasilitas_pelayanan_kesehatan_tingkat_lanjut_rs_khusus_rawat_inap_l,3839.0
5,,KOTA MALANG,fasilitas_pelayanan_kesehatan_tingkat_lanjut_rs_khusus_rawat_inap_p,12045.0
5,,KOTA MALANG,fasilitas_pelayanan_kesehatan_tingkat_lanjut_rs_khusus_rawat_inap_l_+_p,15884.0
5,,KOTA MALANG,fasilitas_pelayanan_kesehatan_tingkat_lanjut_rs_khusus_gangguan_jiwa_l,25.0
5,,KOTA MALANG,fasilitas_pelayanan_kesehatan_tingkat_lanjut_rs_khusus_gangguan_jiwa_p,125.0
5,,KOTA MALANG,fasilitas_pelayanan_kesehatan_tingkat_lanjut_rs_khusus_gangguan_jiwa_l_+_p,150.0
5,,KOTA PROBOLINGGO,fasilitas_pelayanan_kesehatan_tingkat_lanjut_rs_khusus_rawat_jalan_l,6364.0
5,,KOTA PROBOLINGGO,fasilitas_pelayanan_kesehatan_tingkat_lanjut_rs_khusus_rawat_jalan_p,10016.0
5,,KOTA PROBOLINGGO,fasilitas_pelayanan_kesehatan_tingkat_lanjut_rs_khusus_rawat_jalan_l_+_p,16380.0
5,,KOTA PROBOLINGGO,fasilitas_pelayanan_kesehatan_tingkat_lanjut_rs_khusus_rawat_inap_l,2298.0
5,,KOTA PROBOLINGGO,fasilitas_pelayanan_kesehatan_tingkat_lanjut_rs_khusus_rawat_inap_p,4888.0
5,,KOTA PROBOLINGGO,fasilitas_pelayanan_kesehatan_tingkat_lanjut_rs_khusus_rawat_inap_l_+_p,7186.0
5,,KOTA PROBOLINGGO,fasilitas_pelayanan_kesehatan_tingkat_lanjut_rs_khusus_gangguan_jiwa_l,0.0
5,,KOTA PROBOLINGGO,fasilitas_pelayanan_kesehatan_tingkat_lanjut_rs_khusus_gangguan_jiwa_p,0.0
5,,KOTA PROBOLINGGO,fasilitas_pelayanan_kesehatan_tingkat_lanjut_rs_khusus_gangguan_jiwa_l_+_p,0.0
5,,KOTA PASURUAN,fasilitas_pelayanan_kesehatan_tingkat_lanjut_rs_khusus_rawat_jalan_l,0.0
5,,KOTA PASURUAN,fasilitas_pelayanan_kesehatan_tingkat_lanjut_rs_khusus_rawat_jalan_p,0.0
5,,KOTA PASURUAN,fasilitas_pelayanan_kesehatan_tingkat_lanjut_rs_khusus_rawat_jalan_l_+_p,0.0
5,,KOTA PASURUAN,fasilitas_pelayanan_kesehatan_tingkat_lanjut_rs_khusus_rawat_inap_l,0.0
5,,KOTA PASURUAN,fasilitas_pelayanan_kesehatan_tingkat_lanjut_rs_khusus_rawat_inap_p,0.0
5,,KOTA PASURUAN,fasilitas_pelayanan_kesehatan_tingkat_lanjut_rs_khusus_rawat_inap_l_+_p,0.0
5,,KOTA PASURUAN,fasilitas_pelayanan_kesehatan_tingkat_lanjut_rs_khusus_gangguan_jiwa_l,0.0
5,,KOTA PASURUAN,fasilitas_pelayanan_kesehatan_tingkat_lanjut_rs_khusus_gangguan_jiwa_p,0.0
5,,KOTA PASURUAN,fasilitas_pelayanan_kesehatan_tingkat_lanjut_rs_khusus_gangguan_jiwa_l_+_p,0.0
5,,KOTA MOJOKERTO,fasilitas_pelayanan_kesehatan_tingkat_lanjut_rs_khusus_rawat_jalan_l,0.0
5,,KOTA MOJOKERTO,fasilitas_pelayanan_kesehatan_tingkat_lanjut_rs_khusus_rawat_jalan_p,0.0
5,,KOTA MOJOKERTO,fasilitas_pelayanan_kesehatan_tingkat_lanjut_rs_khusus_rawat_jalan_l_+_p,0.0
5,,KOTA MOJOKERTO,fasilitas_pelayanan_kesehatan_tingkat_lanjut_rs_khusus_rawat_inap_l,0.0
5,,KOTA MOJOKERTO,fasilitas_pelayanan_kesehatan_tingkat_lanjut_rs_khusus_rawat_inap_p,0.0
5,,KOTA MOJOKERTO,fasilitas_pelayanan_kesehatan_tingkat_lanjut_rs_khusus_rawat_inap_l_+_p,0.0
5,,KOTA MOJOKERTO,fasilitas_pelayanan_kesehatan_tingkat_lanjut_rs_khusus_gangguan_jiwa_l,0.0
5,,KOTA MOJOKERTO,fasilitas_pelayanan_kesehatan_tingkat_lanjut_rs_khusus_gangguan_jiwa_p,0.0
5,,KOTA MOJOKERTO,fasilitas_pelayanan_kesehatan_tingkat_lanjut_rs_khusus_gangguan_jiwa_l_+_p,0.0
5,,KOTA MADIUN,fasilitas_pelayanan_kesehatan_tingkat_lanjut_rs_khusus_rawat_jalan_l,0.0
5,,KOTA MADIUN,fasilitas_pelayanan_kesehatan_tingkat_lanjut_rs_khusus_rawat_jalan_p,0.0
5,,KOTA MADIUN,fasilitas_pelayanan_kesehatan_tingkat_lanjut_rs_khusus_rawat_jalan_l_+_p,0.0
5,,KOTA MADIUN,fasilitas_pelayanan_kesehatan_tingkat_lanjut_rs_khusus_rawat_inap_l,0.0
5,,KOTA MADIUN,fasilitas_pelayanan_kesehatan_tingkat_lanjut_rs_khusus_rawat_inap_p,0.0
5,,KOTA MADIUN,fasilitas_pelayanan_kesehatan_tingkat_lanjut_rs_khusus_rawat_inap_l_+_p,0.0
5,,KOTA MADIUN,fasilitas_pelayanan_kesehatan_tingkat_lanjut_rs_khusus_gangguan_jiwa_l,0.0
5,,KOTA MADIUN,fasilitas_pelayanan_kesehatan_tingkat_lanjut_rs_khusus_gangguan_jiwa_p,0.0
5,,KOTA MADIUN,fasilitas_pelayanan_kesehatan_tingkat_lanjut_rs_khusus_gangguan_jiwa_l_+_p,0.0
5,,KOTA SURABAYA,fasilitas_pelayanan_kesehatan_tingkat_lanjut_rs_khusus_rawat_jalan_l,255664.0
5,,KOTA SURABAYA,fasilitas_pelayanan_kesehatan_tingkat_lanjut_rs_khusus_rawat_jalan_p,86199.0
5,,KOTA SURABAYA,fasilitas_pelayanan_kesehatan_tingkat_lanjut_rs_khusus_rawat_jalan_l_+_p,341863.0
5,,KOTA SURABAYA,fasilitas_pelayanan_kesehatan_tingkat_lanjut_rs_khusus_rawat_inap_l,27210.0
5,,KOTA SURABAYA,fasilitas_pelayanan_kesehatan_tingkat_lanjut_rs_khusus_rawat_inap_p,47999.0
5,,KOTA SURABAYA,fasilitas_pelayanan_kesehatan_tingkat_lanjut_rs_khusus_rawat_inap_l_+_p,75209.0
5,,KOTA SURABAYA,fasilitas_pelayanan_kesehatan_tingkat_lanjut_rs_khusus_gangguan_jiwa_l,32002.0
5,,KOTA SURABAYA,fasilitas_pelayanan_kesehatan_tingkat_lanjut_rs_khusus_gangguan_jiwa_p,28877.0
5,,KOTA SURABAYA,fasilitas_pelayanan_kesehatan_tingkat_lanjut_rs_khusus_gangguan_jiwa_l_+_p,60879.0
5,,KOTA BATU,fasilitas_pelayanan_kesehatan_tingkat_lanjut_rs_khusus_rawat_jalan_l,2871.0
5,,KOTA BATU,fasilitas_pelayanan_kesehatan_tingkat_lanjut_rs_khusus_rawat_jalan_p,4134.0
5,,KOTA BATU,fasilitas_pelayanan_kesehatan_tingkat_lanjut_rs_khusus_rawat_jalan_l_+_p,7005.0
5,,KOTA BATU,fasilitas_pelayanan_kesehatan_tingkat_lanjut_rs_khusus_rawat_inap_l,99.0
5,,KOTA BATU,fasilitas_pelayanan_kesehatan_tingkat_lanjut_rs_khusus_rawat_inap_p,182.0
5,,KOTA BATU,fasilitas_pelayanan_kesehatan_tingkat_lanjut_rs_khusus_rawat_inap_l_+_p,281.0
5,,KOTA BATU,fasilitas_pelayanan_kesehatan_tingkat_lanjut_rs_khusus_gangguan_jiwa_l,0.0
5,,KOTA BATU,fasilitas_pelayanan_kesehatan_tingkat_lanjut_rs_khusus_gangguan_jiwa_p,0.0
5,,KOTA BATU,fasilitas_pelayanan_kesehatan_tingkat_lanjut_rs_khusus_gangguan_jiwa_l_+_p,0.0
5,,KAB. PACITAN,fasilitas_pelayanan_kesehatan_tingkat_lanjut_praktik_mandiri_dokter_spesialis_gangguan_jiwa_l_+_p,0.0
5,,KAB. PONOROGO,fasilitas_pelayanan_kesehatan_tingkat_lanjut_praktik_mandiri_dokter_spesialis_rawat_jalan_l,8025.0
5,,KAB. PONOROGO,fasilitas_pelayanan_kesehatan_tingkat_lanjut_praktik_mandiri_dokter_spesialis_rawat_jalan_p,16602.0
5,,KAB. PONOROGO,fasilitas_pelayanan_kesehatan_tingkat_lanjut_praktik_mandiri_dokter_spesialis_rawat_jalan_l_+_p,24627.0
5,,KAB. PONOROGO,fasilitas_pelayanan_kesehatan_tingkat_lanjut_praktik_mandiri_dokter_spesialis_rawat_inap_l,0.0
5,,KAB. PONOROGO,fasilitas_pelayanan_kesehatan_tingkat_lanjut_praktik_mandiri_dokter_spesialis_rawat_inap_p,0.0
5,,KAB. PONOROGO,fasilitas_pelayanan_kesehatan_tingkat_lanjut_praktik_mandiri_dokter_spesialis_rawat_inap_l_+_p,0.0
5,,KAB. PONOROGO,fasilitas_pelayanan_kesehatan_tingkat_lanjut_praktik_mandiri_dokter_spesialis_gangguan_jiwa_l_+_p,0.0
5,,KAB. TRENGGALEK,fasilitas_pelayanan_kesehatan_tingkat_lanjut_praktik_mandiri_dokter_spesialis_gangguan_jiwa_l_+_p,0.0
5,,KAB. TULUNGAGUNG,fasilitas_pelayanan_kesehatan_tingkat_lanjut_praktik_mandiri_dokter_spesialis_rawat_jalan_l,3528.0
5,,KAB. TULUNGAGUNG,fasilitas_pelayanan_kesehatan_tingkat_lanjut_praktik_mandiri_dokter_spesialis_rawat_jalan_p,13376.0
5,,KAB. TULUNGAGUNG,fasilitas_pelayanan_kesehatan_tingkat_lanjut_praktik_mandiri_dokter_spesialis_rawat_jalan_l_+_p,16904.0
5,,KAB. TULUNGAGUNG,fasilitas_pelayanan_kesehatan_tingkat_lanjut_praktik_mandiri_dokter_spesialis_rawat_inap_l,0.0
5,,KAB. TULUNGAGUNG,fasilitas_pelayanan_kesehatan_tingkat_lanjut_praktik_mandiri_dokter_spesialis_rawat_inap_p,0.0
5,,KAB. TULUNGAGUNG,fasilitas_pelayanan_kesehatan_tingkat_lanjut_praktik_mandiri_dokter_spesialis_rawat_inap_l_+_p,0.0
5,,KAB. TULUNGAGUNG,fasilitas_pelayanan_kesehatan_tingkat_lanjut_praktik_mandiri_dokter_spesialis_gangguan_jiwa_l_+_p,0.0
5,,KAB. BLITAR,fasilitas_pelayanan_kesehatan_tingkat_lanjut_praktik_mandiri_dokter_spesialis_gangguan_jiwa_l_+_p,0.0
5,,KAB. KEDIRI,fasilitas_pelayanan_kesehatan_tingkat_lanjut_praktik_mandiri_dokter_spesialis_rawat_jalan_l,48.0
5,,KAB. KEDIRI,fasilitas_pelayanan_kesehatan_tingkat_lanjut_praktik_mandiri_dokter_spesialis_rawat_jalan_p,74.0
5,,KAB. KEDIRI,fasilitas_pelayanan_kesehatan_tingkat_lanjut_praktik_mandiri_dokter_spesialis_rawat_jalan_l_+_p,122.0
5,,KAB. KEDIRI,fasilitas_pelayanan_kesehatan_tingkat_lanjut_praktik_mandiri_dokter_spesialis_rawat_inap_l,0.0
5,,KAB. KEDIRI,fasilitas_pelayanan_kesehatan_tingkat_lanjut_praktik_mandiri_dokter_spesialis_rawat_inap_p,0.0
5,,KAB. KEDIRI,fasilitas_pelayanan_kesehatan_tingkat_lanjut_praktik_mandiri_dokter_spesialis_rawat_inap_l_+_p,0.0
5,,KAB. KEDIRI,fasilitas_pelayanan_kesehatan_tingkat_lanjut_praktik_mandiri_dokter_spesialis_gangguan_jiwa_l_+_p,0.0
5,,KAB. MALANG,fasilitas_pelayanan_kesehatan_tingkat_lanjut_praktik_mandiri_dokter_spesialis_gangguan_jiwa_l_+_p,0.0
5,,KAB. LUMAJANG,fasilitas_pelayanan_kesehatan_tingkat_lanjut_praktik_mandiri_dokter_spesialis_rawat_jalan_l,3025.0
5,,KAB. LUMAJANG,fasilitas_pelayanan_kesehatan_tingkat_lanjut_praktik_mandiri_dokter_spesialis_rawat_jalan_p,4488.0
5,,KAB. LUMAJANG,fasilitas_pelayanan_kesehatan_tingkat_lanjut_praktik_mandiri_dokter_spesialis_rawat_jalan_l_+_p,7513.0
5,,KAB. LUMAJANG,fasilitas_pelayanan_kesehatan_tingkat_lanjut_praktik_mandiri_dokter_spesialis_gangguan_jiwa_l_+_p,0.0
5,,KAB. JEMBER,fasilitas_pelayanan_kesehatan_tingkat_lanjut_praktik_mandiri_dokter_spesialis_gangguan_jiwa_l_+_p,0.0
5,,KAB. BANYUWANGI,fasilitas_pelayanan_kesehatan_tingkat_lanjut_praktik_mandiri_dokter_spesialis_rawat_jalan_l,171.0
5,,KAB. BANYUWANGI,fasilitas_pelayanan_kesehatan_tingkat_lanjut_praktik_mandiri_dokter_spesialis_rawat_jalan_p,236.0
5,,KAB. BANYUWANGI,fasilitas_pelayanan_kesehatan_tingkat_lanjut_praktik_mandiri_dokter_spesialis_rawat_jalan_l_+_p,407.0
5,,KAB. BANYUWANGI,fasilitas_pelayanan_kesehatan_tingkat_lanjut_praktik_mandiri_dokter_spesialis_rawat_inap_l,0.0
5,,KAB. BANYUWANGI,fasilitas_pelayanan_kesehatan_tingkat_lanjut_praktik_mandiri_dokter_spesialis_rawat_inap_p,0.0
5,,KAB. BANYUWANGI,fasilitas_pelayanan_kesehatan_tingkat_lanjut_praktik_mandiri_dokter_spesialis_rawat_inap_l_+_p,0.0
5,,KAB. BANYUWANGI,fasilitas_pelayanan_kesehatan_tingkat_lanjut_praktik_mandiri_dokter_spesialis_gangguan_jiwa_l_+_p,0.0
5,,KAB. BONDOWOSO,fasilitas_pelayanan_kesehatan_tingkat_lanjut_praktik_mandiri_dokter_spesialis_gangguan_jiwa_l_+_p,0.0
5,,KAB. SITUBONDO,fasilitas_pelayanan_kesehatan_tingkat_lanjut_praktik_mandiri_dokter_spesialis_gangguan_jiwa_l_+_p,0.0
5,,KAB. PROBOLINGGO,fasilitas_pelayanan_kesehatan_tingkat_lanjut_praktik_mandiri_dokter_spesialis_gangguan_jiwa_l_+_p,0.0
5,,KAB. PASURUAN,fasilitas_pelayanan_kesehatan_tingkat_lanjut_praktik_mandiri_dokter_spesialis_gangguan_jiwa_l_+_p,0.0
5,,KAB. SIDOARJO,fasilitas_pelayanan_kesehatan_tingkat_lanjut_praktik_mandiri_dokter_spesialis_gangguan_jiwa_l_+_p,0.0
5,,KAB. MOJOKERTO,fasilitas_pelayanan_kesehatan_tingkat_lanjut_praktik_mandiri_dokter_spesialis_gangguan_jiwa_l_+_p,0.0
5,,KAB. JOMBANG,fasilitas_pelayanan_kesehatan_tingkat_lanjut_praktik_mandiri_dokter_spesialis_rawat_jalan_l,6400.0
5,,KAB. JOMBANG,fasilitas_pelayanan_kesehatan_tingkat_lanjut_praktik_mandiri_dokter_spesialis_rawat_jalan_p,8295.0
5,,KAB. JOMBANG,fasilitas_pelayanan_kesehatan_tingkat_lanjut_praktik_mandiri_dokter_spesialis_rawat_jalan_l_+_p,14695.0
5,,KAB. JOMBANG,fasilitas_pelayanan_kesehatan_tingkat_lanjut_praktik_mandiri_dokter_spesialis_gangguan_jiwa_l_+_p,0.0
5,,KAB. NGANJUK,fasilitas_pelayanan_kesehatan_tingkat_lanjut_praktik_mandiri_dokter_spesialis_gangguan_jiwa_l_+_p,0.0
5,,KAB. MADIUN,fasilitas_pelayanan_kesehatan_tingkat_lanjut_praktik_mandiri_dokter_spesialis_gangguan_jiwa_l_+_p,0.0
5,,KAB. MAGETAN,fasilitas_pelayanan_kesehatan_tingkat_lanjut_praktik_mandiri_dokter_spesialis_gangguan_jiwa_l_+_p,0.0
5,,KAB. NGAWI,fasilitas_pelayanan_kesehatan_tingkat_lanjut_praktik_mandiri_dokter_spesialis_gangguan_jiwa_l_+_p,0.0
5,,KAB. BOJONEGORO,fasilitas_pelayanan_kesehatan_tingkat_lanjut_praktik_mandiri_dokter_spesialis_gangguan_jiwa_l_+_p,0.0
5,,KAB. TUBAN,fasilitas_pelayanan_kesehatan_tingkat_lanjut_praktik_mandiri_dokter_spesialis_rawat_jalan_l,1973.0
5,,KAB. TUBAN,fasilitas_pelayanan_kesehatan_tingkat_lanjut_praktik_mandiri_dokter_spesialis_rawat_jalan_p,4148.0
5,,KAB. TUBAN,fasilitas_pelayanan_kesehatan_tingkat_lanjut_praktik_mandiri_dokter_spesialis_rawat_jalan_l_+_p,6121.0
5,,KAB. TUBAN,fasilitas_pelayanan_kesehatan_tingkat_lanjut_praktik_mandiri_dokter_spesialis_rawat_inap_l,0.0
5,,KAB. TUBAN,fasilitas_pelayanan_kesehatan_tingkat_lanjut_praktik_mandiri_dokter_spesialis_rawat_inap_p,0.0
5,,KAB. TUBAN,fasilitas_pelayanan_kesehatan_tingkat_lanjut_praktik_mandiri_dokter_spesialis_rawat_inap_l_+_p,0.0
5,,KAB. TUBAN,fasilitas_pelayanan_kesehatan_tingkat_lanjut_praktik_mandiri_dokter_spesialis_gangguan_jiwa_l_+_p,0.0
5,,KAB. LAMONGAN,fasilitas_pelayanan_kesehatan_tingkat_lanjut_praktik_mandiri_dokter_spesialis_gangguan_jiwa_l_+_p,0.0
5,,KAB. GRESIK,fasilitas_pelayanan_kesehatan_tingkat_lanjut_praktik_mandiri_dokter_spesialis_gangguan_jiwa_l_+_p,0.0
5,,KAB. BANGKALAN,fasilitas_pelayanan_kesehatan_tingkat_lanjut_praktik_mandiri_dokter_spesialis_gangguan_jiwa_l_+_p,0.0
5,,KAB. SAMPANG,fasilitas_pelayanan_kesehatan_tingkat_lanjut_praktik_mandiri_dokter_spesialis_rawat_jalan_l,493.0
5,,KAB. SAMPANG,fasilitas_pelayanan_kesehatan_tingkat_lanjut_praktik_mandiri_dokter_spesialis_rawat_jalan_p,621.0
5,,KAB. SAMPANG,fasilitas_pelayanan_kesehatan_tingkat_lanjut_praktik_mandiri_dokter_spesialis_rawat_jalan_l_+_p,1114.0
5,,KAB. SAMPANG,fasilitas_pelayanan_kesehatan_tingkat_lanjut_praktik_mandiri_dokter_spesialis_rawat_inap_l,0.0
5,,KAB. SAMPANG,fasilitas_pelayanan_kesehatan_tingkat_lanjut_praktik_mandiri_dokter_spesialis_rawat_inap_p,0.0
5,,KAB. SAMPANG,fasilitas_pelayanan_kesehatan_tingkat_lanjut_praktik_mandiri_dokter_spesialis_rawat_inap_l_+_p,0.0
5,,KAB. SAMPANG,fasilitas_pelayanan_kesehatan_tingkat_lanjut_praktik_mandiri_dokter_spesialis_gangguan_jiwa_l_+_p,0.0
5,,KAB. PAMEKASAN,fasilitas_pelayanan_kesehatan_tingkat_lanjut_praktik_mandiri_dokter_spesialis_gangguan_jiwa_l_+_p,0.0
5,,KAB. SUMENEP,fasilitas_pelayanan_kesehatan_tingkat_lanjut_praktik_mandiri_dokter_spesialis_gangguan_jiwa_l_+_p,0.0
5,,KOTA KEDIRI,fasilitas_pelayanan_kesehatan_tingkat_lanjut_praktik_mandiri_dokter_spesialis_gangguan_jiwa_l_+_p,0.0
5,,KOTA BLITAR,fasilitas_pelayanan_kesehatan_tingkat_lanjut_praktik_mandiri_dokter_spesialis_gangguan_jiwa_l_+_p,0.0
5,,KOTA MALANG,fasilitas_pelayanan_kesehatan_tingkat_lanjut_praktik_mandiri_dokter_spesialis_gangguan_jiwa_l_+_p,0.0
5,,KOTA PROBOLINGGO,fasilitas_pelayanan_kesehatan_tingkat_lanjut_praktik_mandiri_dokter_spesialis_gangguan_jiwa_l_+_p,0.0
5,,KOTA PASURUAN,fasilitas_pelayanan_kesehatan_tingkat_lanjut_praktik_mandiri_dokter_spesialis_gangguan_jiwa_l_+_p,0.0
5,,KOTA MOJOKERTO,fasilitas_pelayanan_kesehatan_tingkat_lanjut_praktik_mandiri_dokter_spesialis_rawat_jalan_l,376.0
5,,KOTA MOJOKERTO,fasilitas_pelayanan_kesehatan_tingkat_lanjut_praktik_mandiri_dokter_spesialis_rawat_jalan_p,311.0
5,,KOTA MOJOKERTO,fasilitas_pelayanan_kesehatan_tingkat_lanjut_praktik_mandiri_dokter_spesialis_rawat_jalan_l_+_p,687.0
5,,KOTA MOJOKERTO,fasilitas_pelayanan_kesehatan_tingkat_lanjut_praktik_mandiri_dokter_spesialis_rawat_inap_l,0.0
5,,KOTA MOJOKERTO,fasilitas_pelayanan_kesehatan_tingkat_lanjut_praktik_mandiri_dokter_spesialis_rawat_inap_p,0.0
5,,KOTA MOJOKERTO,fasilitas_pelayanan_kesehatan_tingkat_lanjut_praktik_mandiri_dokter_spesialis_rawat_inap_l_+_p,0.0
5,,KOTA MOJOKERTO,fasilitas_pelayanan_kesehatan_tingkat_lanjut_praktik_mandiri_dokter_spesialis_gangguan_jiwa_l_+_p,0.0
5,,KOTA MADIUN,fasilitas_pelayanan_kesehatan_tingkat_lanjut_praktik_mandiri_dokter_spesialis_rawat_jalan_l,55.0
5,,KOTA MADIUN,fasilitas_pelayanan_kesehatan_tingkat_lanjut_praktik_mandiri_dokter_spesialis_rawat_jalan_p,40.0
5,,KOTA MADIUN,fasilitas_pelayanan_kesehatan_tingkat_lanjut_praktik_mandiri_dokter_spesialis_rawat_jalan_l_+_p,95.0
5,,KOTA MADIUN,fasilitas_pelayanan_kesehatan_tingkat_lanjut_praktik_mandiri_dokter_spesialis_rawat_inap_l_+_p,0.0
5,,KOTA MADIUN,fasilitas_pelayanan_kesehatan_tingkat_lanjut_praktik_mandiri_dokter_spesialis_gangguan_jiwa_l_+_p,0.0
5,,KOTA SURABAYA,fasilitas_pelayanan_kesehatan_tingkat_lanjut_praktik_mandiri_dokter_spesialis_gangguan_jiwa_l_+_p,0.0
5,,KOTA BATU,fasilitas_pelayanan_kesehatan_tingkat_lanjut_praktik_mandiri_dokter_spesialis_gangguan_jiwa_l_+_p,0.0
